user_id,device_id,ip_address,geo_location,event_timestamp
194,12839,192.168.1.0,NY,2024-01-01 00:00:00
336,78920,192.168.1.1,NY,2024-01-01 01:00:00
381,53619,192.168.1.2,CA,2024-01-01 02:00:00
235,52821,192.168.1.3,IL,2024-01-01 03:00:00
439,23493,192.168.1.4,CA,2024-01-01 04:00:00
91,27069,192.168.1.5,NY,2024-01-01 05:00:00
476,17531,192.168.1.6,CA,2024-01-01 06:00:00
20,47051,192.168.1.7,CA,2024-01-01 07:00:00
302,17736,192.168.1.8,IL,2024-01-01 08:00:00
463,17710,192.168.1.9,FL,2024-01-01 09:00:00
356,77155,192.168.1.10,NY,2024-01-01 10:00:00
442,23975,192.168.1.11,IL,2024-01-01 11:00:00
83,72424,192.168.1.12,CA,2024-01-01 12:00:00
261,55603,192.168.1.13,CA,2024-01-01 13:00:00
146,33252,192.168.1.14,FL,2024-01-01 14:00:00
440,90797,192.168.1.15,NY,2024-01-01 15:00:00
452,11431,192.168.1.16,NY,2024-01-01 16:00:00
386,84603,192.168.1.17,TX,2024-01-01 17:00:00
256,47481,192.168.1.18,NY,2024-01-01 18:00:00
57,19557,192.168.1.19,FL,2024-01-01 19:00:00
379,84971,192.168.1.20,TX,2024-01-01 20:00:00
421,10162,192.168.1.21,TX,2024-01-01 21:00:00
14,44742,192.168.1.22,CA,2024-01-01 22:00:00
161,29675,192.168.1.23,CA,2024-01-01 23:00:00
444,83997,192.168.1.24,NY,2024-01-02 00:00:00
162,27015,192.168.1.25,TX,2024-01-02 01:00:00
319,60057,192.168.1.26,CA,2024-01-02 02:00:00
496,42591,192.168.1.27,FL,2024-01-02 03:00:00
280,19833,192.168.1.28,CA,2024-01-02 04:00:00
279,17896,192.168.1.29,CA,2024-01-02 05:00:00
11,42972,192.168.1.30,TX,2024-01-02 06:00:00
273,59733,192.168.1.31,TX,2024-01-02 07:00:00
270,51800,192.168.1.32,IL,2024-01-02 08:00:00
491,15347,192.168.1.33,FL,2024-01-02 09:00:00
207,69063,192.168.1.34,TX,2024-01-02 10:00:00
26,12643,192.168.1.35,NY,2024-01-02 11:00:00
71,50785,192.168.1.36,FL,2024-01-02 12:00:00
59,28681,192.168.1.37,FL,2024-01-02 13:00:00
429,60026,192.168.1.38,TX,2024-01-02 14:00:00
472,25892,192.168.1.39,FL,2024-01-02 15:00:00
144,57299,192.168.1.40,TX,2024-01-02 16:00:00
92,27073,192.168.1.41,CA,2024-01-02 17:00:00
308,40682,192.168.1.42,IL,2024-01-02 18:00:00
7,24289,192.168.1.43,CA,2024-01-02 19:00:00
78,17927,192.168.1.44,TX,2024-01-02 20:00:00
26,58330,192.168.1.45,TX,2024-01-02 21:00:00
173,76707,192.168.1.46,CA,2024-01-02 22:00:00
49,87454,192.168.1.47,NY,2024-01-02 23:00:00
499,75428,192.168.1.48,NY,2024-01-03 00:00:00
198,60601,192.168.1.49,NY,2024-01-03 01:00:00
386,87465,192.168.1.50,TX,2024-01-03 02:00:00
348,12539,192.168.1.51,FL,2024-01-03 03:00:00
447,32669,192.168.1.52,TX,2024-01-03 04:00:00
427,80968,192.168.1.53,FL,2024-01-03 05:00:00
180,30644,192.168.1.54,CA,2024-01-03 06:00:00
23,28745,192.168.1.55,IL,2024-01-03 07:00:00
315,38228,192.168.1.56,FL,2024-01-03 08:00:00
377,44521,192.168.1.57,NY,2024-01-03 09:00:00
386,36928,192.168.1.58,TX,2024-01-03 10:00:00
403,28322,192.168.1.59,CA,2024-01-03 11:00:00
45,67714,192.168.1.60,NY,2024-01-03 12:00:00
14,97896,192.168.1.61,CA,2024-01-03 13:00:00
152,72292,192.168.1.62,IL,2024-01-03 14:00:00
221,39055,192.168.1.63,TX,2024-01-03 15:00:00
205,52891,192.168.1.64,TX,2024-01-03 16:00:00
454,91912,192.168.1.65,IL,2024-01-03 17:00:00
272,16588,192.168.1.66,TX,2024-01-03 18:00:00
381,16304,192.168.1.67,FL,2024-01-03 19:00:00
235,17345,192.168.1.68,CA,2024-01-03 20:00:00
339,39300,192.168.1.69,NY,2024-01-03 21:00:00
227,34259,192.168.1.70,IL,2024-01-03 22:00:00
8,98553,192.168.1.71,FL,2024-01-03 23:00:00
165,25352,192.168.1.72,NY,2024-01-04 00:00:00
431,43365,192.168.1.73,NY,2024-01-04 01:00:00
443,29446,192.168.1.74,IL,2024-01-04 02:00:00
318,12336,192.168.1.75,FL,2024-01-04 03:00:00
213,72032,192.168.1.76,NY,2024-01-04 04:00:00
116,85415,192.168.1.77,NY,2024-01-04 05:00:00
385,17521,192.168.1.78,FL,2024-01-04 06:00:00
343,81707,192.168.1.79,TX,2024-01-04 07:00:00
71,33481,192.168.1.80,NY,2024-01-04 08:00:00
394,28474,192.168.1.81,CA,2024-01-04 09:00:00
63,56760,192.168.1.82,FL,2024-01-04 10:00:00
204,65718,192.168.1.83,NY,2024-01-04 11:00:00
208,54629,192.168.1.84,IL,2024-01-04 12:00:00
71,55232,192.168.1.85,CA,2024-01-04 13:00:00
276,96544,192.168.1.86,NY,2024-01-04 14:00:00
273,77169,192.168.1.87,CA,2024-01-04 15:00:00
477,60669,192.168.1.88,CA,2024-01-04 16:00:00
319,88021,192.168.1.89,TX,2024-01-04 17:00:00
337,79184,192.168.1.90,CA,2024-01-04 18:00:00
365,57945,192.168.1.91,TX,2024-01-04 19:00:00
494,23140,192.168.1.92,FL,2024-01-04 20:00:00
94,93457,192.168.1.93,TX,2024-01-04 21:00:00
165,24357,192.168.1.94,IL,2024-01-04 22:00:00
31,78673,192.168.1.95,NY,2024-01-04 23:00:00
10,75633,192.168.1.96,FL,2024-01-05 00:00:00
300,86943,192.168.1.97,FL,2024-01-05 01:00:00
216,88258,192.168.1.98,IL,2024-01-05 02:00:00
288,22924,192.168.1.99,TX,2024-01-05 03:00:00
101,79286,192.168.1.100,NY,2024-01-05 04:00:00
424,84071,192.168.1.101,TX,2024-01-05 05:00:00
391,67326,192.168.1.102,CA,2024-01-05 06:00:00
266,40651,192.168.1.103,TX,2024-01-05 07:00:00
213,80202,192.168.1.104,FL,2024-01-05 08:00:00
178,58777,192.168.1.105,NY,2024-01-05 09:00:00
87,26994,192.168.1.106,TX,2024-01-05 10:00:00
40,77263,192.168.1.107,NY,2024-01-05 11:00:00
400,69634,192.168.1.108,NY,2024-01-05 12:00:00
75,20800,192.168.1.109,CA,2024-01-05 13:00:00
376,47823,192.168.1.110,CA,2024-01-05 14:00:00
45,73878,192.168.1.111,FL,2024-01-05 15:00:00
159,28708,192.168.1.112,IL,2024-01-05 16:00:00
462,22819,192.168.1.113,NY,2024-01-05 17:00:00
79,84905,192.168.1.114,IL,2024-01-05 18:00:00
309,73870,192.168.1.115,FL,2024-01-05 19:00:00
85,19283,192.168.1.116,NY,2024-01-05 20:00:00
91,40573,192.168.1.117,NY,2024-01-05 21:00:00
147,88707,192.168.1.118,IL,2024-01-05 22:00:00
160,40933,192.168.1.119,TX,2024-01-05 23:00:00
201,15774,192.168.1.120,CA,2024-01-06 00:00:00
423,82055,192.168.1.121,TX,2024-01-06 01:00:00
415,20983,192.168.1.122,IL,2024-01-06 02:00:00
241,28133,192.168.1.123,CA,2024-01-06 03:00:00
352,24939,192.168.1.124,TX,2024-01-06 04:00:00
1,10781,192.168.1.125,CA,2024-01-06 05:00:00
224,66700,192.168.1.126,NY,2024-01-06 06:00:00
288,37624,192.168.1.127,TX,2024-01-06 07:00:00
232,16823,192.168.1.128,CA,2024-01-06 08:00:00
460,28489,192.168.1.129,CA,2024-01-06 09:00:00
413,49961,192.168.1.130,CA,2024-01-06 10:00:00
416,39118,192.168.1.131,TX,2024-01-06 11:00:00
76,91816,192.168.1.132,FL,2024-01-06 12:00:00
115,32263,192.168.1.133,TX,2024-01-06 13:00:00
153,23565,192.168.1.134,IL,2024-01-06 14:00:00
405,30354,192.168.1.135,TX,2024-01-06 15:00:00
102,52951,192.168.1.136,CA,2024-01-06 16:00:00
193,33648,192.168.1.137,NY,2024-01-06 17:00:00
165,60729,192.168.1.138,TX,2024-01-06 18:00:00
358,51971,192.168.1.139,TX,2024-01-06 19:00:00
89,28658,192.168.1.140,CA,2024-01-06 20:00:00
173,31253,192.168.1.141,NY,2024-01-06 21:00:00
121,74166,192.168.1.142,NY,2024-01-06 22:00:00
497,58563,192.168.1.143,IL,2024-01-06 23:00:00
142,36390,192.168.1.144,TX,2024-01-07 00:00:00
481,98664,192.168.1.145,NY,2024-01-07 01:00:00
105,61578,192.168.1.146,NY,2024-01-07 02:00:00
374,89025,192.168.1.147,FL,2024-01-07 03:00:00
427,42658,192.168.1.148,FL,2024-01-07 04:00:00
304,16852,192.168.1.149,NY,2024-01-07 05:00:00
359,12551,192.168.1.150,IL,2024-01-07 06:00:00
458,81947,192.168.1.151,NY,2024-01-07 07:00:00
316,71001,192.168.1.152,CA,2024-01-07 08:00:00
450,59159,192.168.1.153,TX,2024-01-07 09:00:00
122,61707,192.168.1.154,IL,2024-01-07 10:00:00
389,43243,192.168.1.155,CA,2024-01-07 11:00:00
8,31800,192.168.1.156,IL,2024-01-07 12:00:00
261,85939,192.168.1.157,CA,2024-01-07 13:00:00
72,67828,192.168.1.158,TX,2024-01-07 14:00:00
358,17239,192.168.1.159,TX,2024-01-07 15:00:00
222,16710,192.168.1.160,FL,2024-01-07 16:00:00
415,31384,192.168.1.161,CA,2024-01-07 17:00:00
40,31038,192.168.1.162,FL,2024-01-07 18:00:00
369,50846,192.168.1.163,CA,2024-01-07 19:00:00
203,97983,192.168.1.164,FL,2024-01-07 20:00:00
263,77821,192.168.1.165,TX,2024-01-07 21:00:00
327,47991,192.168.1.166,IL,2024-01-07 22:00:00
177,89057,192.168.1.167,FL,2024-01-07 23:00:00
347,16971,192.168.1.168,CA,2024-01-08 00:00:00
317,39139,192.168.1.169,CA,2024-01-08 01:00:00
83,95445,192.168.1.170,TX,2024-01-08 02:00:00
317,87067,192.168.1.171,CA,2024-01-08 03:00:00
110,90257,192.168.1.172,NY,2024-01-08 04:00:00
250,94742,192.168.1.173,IL,2024-01-08 05:00:00
382,47711,192.168.1.174,FL,2024-01-08 06:00:00
6,16530,192.168.1.175,IL,2024-01-08 07:00:00
458,21116,192.168.1.176,TX,2024-01-08 08:00:00
83,75794,192.168.1.177,FL,2024-01-08 09:00:00
207,10282,192.168.1.178,FL,2024-01-08 10:00:00
387,89473,192.168.1.179,NY,2024-01-08 11:00:00
389,11898,192.168.1.180,TX,2024-01-08 12:00:00
313,14135,192.168.1.181,CA,2024-01-08 13:00:00
21,16629,192.168.1.182,NY,2024-01-08 14:00:00
409,95120,192.168.1.183,NY,2024-01-08 15:00:00
382,99087,192.168.1.184,IL,2024-01-08 16:00:00
2,75031,192.168.1.185,IL,2024-01-08 17:00:00
126,43380,192.168.1.186,IL,2024-01-08 18:00:00
296,27071,192.168.1.187,NY,2024-01-08 19:00:00
187,30074,192.168.1.188,CA,2024-01-08 20:00:00
361,77843,192.168.1.189,FL,2024-01-08 21:00:00
13,49901,192.168.1.190,IL,2024-01-08 22:00:00
458,21205,192.168.1.191,CA,2024-01-08 23:00:00
465,65661,192.168.1.192,TX,2024-01-09 00:00:00
11,15906,192.168.1.193,IL,2024-01-09 01:00:00
86,12591,192.168.1.194,FL,2024-01-09 02:00:00
11,72987,192.168.1.195,TX,2024-01-09 03:00:00
396,73370,192.168.1.196,TX,2024-01-09 04:00:00
24,90685,192.168.1.197,FL,2024-01-09 05:00:00
300,64400,192.168.1.198,IL,2024-01-09 06:00:00
242,35150,192.168.1.199,NY,2024-01-09 07:00:00
121,41852,192.168.1.200,FL,2024-01-09 08:00:00
146,52870,192.168.1.201,FL,2024-01-09 09:00:00
54,62756,192.168.1.202,FL,2024-01-09 10:00:00
237,66481,192.168.1.203,TX,2024-01-09 11:00:00
355,11283,192.168.1.204,CA,2024-01-09 12:00:00
172,43691,192.168.1.205,NY,2024-01-09 13:00:00
391,11125,192.168.1.206,IL,2024-01-09 14:00:00
220,77065,192.168.1.207,IL,2024-01-09 15:00:00
118,36170,192.168.1.208,CA,2024-01-09 16:00:00
308,18438,192.168.1.209,FL,2024-01-09 17:00:00
182,30095,192.168.1.210,NY,2024-01-09 18:00:00
287,26154,192.168.1.211,IL,2024-01-09 19:00:00
306,18004,192.168.1.212,IL,2024-01-09 20:00:00
299,19752,192.168.1.213,FL,2024-01-09 21:00:00
81,65426,192.168.1.214,CA,2024-01-09 22:00:00
453,36819,192.168.1.215,NY,2024-01-09 23:00:00
401,34217,192.168.1.216,CA,2024-01-10 00:00:00
210,98708,192.168.1.217,CA,2024-01-10 01:00:00
149,42994,192.168.1.218,NY,2024-01-10 02:00:00
36,25036,192.168.1.219,NY,2024-01-10 03:00:00
351,87275,192.168.1.220,IL,2024-01-10 04:00:00
311,59416,192.168.1.221,IL,2024-01-10 05:00:00
360,19587,192.168.1.222,NY,2024-01-10 06:00:00
58,10645,192.168.1.223,TX,2024-01-10 07:00:00
130,40930,192.168.1.224,IL,2024-01-10 08:00:00
411,91835,192.168.1.225,TX,2024-01-10 09:00:00
201,40090,192.168.1.226,NY,2024-01-10 10:00:00
242,97489,192.168.1.227,IL,2024-01-10 11:00:00
34,62142,192.168.1.228,CA,2024-01-10 12:00:00
444,36475,192.168.1.229,NY,2024-01-10 13:00:00
92,28888,192.168.1.230,FL,2024-01-10 14:00:00
437,53732,192.168.1.231,TX,2024-01-10 15:00:00
446,91623,192.168.1.232,NY,2024-01-10 16:00:00
206,56305,192.168.1.233,NY,2024-01-10 17:00:00
352,56037,192.168.1.234,IL,2024-01-10 18:00:00
390,19346,192.168.1.235,IL,2024-01-10 19:00:00
331,10587,192.168.1.236,IL,2024-01-10 20:00:00
304,22763,192.168.1.237,FL,2024-01-10 21:00:00
349,69165,192.168.1.238,IL,2024-01-10 22:00:00
212,79615,192.168.1.239,NY,2024-01-10 23:00:00
158,46116,192.168.1.240,IL,2024-01-11 00:00:00
441,95751,192.168.1.241,CA,2024-01-11 01:00:00
444,35556,192.168.1.242,IL,2024-01-11 02:00:00
23,69042,192.168.1.243,FL,2024-01-11 03:00:00
403,28099,192.168.1.244,CA,2024-01-11 04:00:00
292,55096,192.168.1.245,NY,2024-01-11 05:00:00
3,81986,192.168.1.246,NY,2024-01-11 06:00:00
219,23230,192.168.1.247,TX,2024-01-11 07:00:00
363,39009,192.168.1.248,CA,2024-01-11 08:00:00
381,80969,192.168.1.249,TX,2024-01-11 09:00:00
19,43866,192.168.1.250,CA,2024-01-11 10:00:00
443,94246,192.168.1.251,CA,2024-01-11 11:00:00
151,86975,192.168.1.252,FL,2024-01-11 12:00:00
49,51855,192.168.1.253,TX,2024-01-11 13:00:00
176,91557,192.168.1.254,FL,2024-01-11 14:00:00
434,16416,192.168.1.0,CA,2024-01-11 15:00:00
95,82516,192.168.1.1,NY,2024-01-11 16:00:00
104,65915,192.168.1.2,CA,2024-01-11 17:00:00
419,28058,192.168.1.3,FL,2024-01-11 18:00:00
249,86637,192.168.1.4,TX,2024-01-11 19:00:00
116,50718,192.168.1.5,TX,2024-01-11 20:00:00
353,42602,192.168.1.6,FL,2024-01-11 21:00:00
227,84658,192.168.1.7,TX,2024-01-11 22:00:00
65,88112,192.168.1.8,IL,2024-01-11 23:00:00
334,68067,192.168.1.9,NY,2024-01-12 00:00:00
417,37516,192.168.1.10,NY,2024-01-12 01:00:00
419,97969,192.168.1.11,NY,2024-01-12 02:00:00
261,11089,192.168.1.12,TX,2024-01-12 03:00:00
294,47346,192.168.1.13,TX,2024-01-12 04:00:00
425,84663,192.168.1.14,CA,2024-01-12 05:00:00
242,20487,192.168.1.15,CA,2024-01-12 06:00:00
370,10155,192.168.1.16,NY,2024-01-12 07:00:00
185,77494,192.168.1.17,IL,2024-01-12 08:00:00
245,86229,192.168.1.18,CA,2024-01-12 09:00:00
124,48547,192.168.1.19,CA,2024-01-12 10:00:00
267,38795,192.168.1.20,TX,2024-01-12 11:00:00
130,65296,192.168.1.21,IL,2024-01-12 12:00:00
236,31447,192.168.1.22,NY,2024-01-12 13:00:00
17,46598,192.168.1.23,CA,2024-01-12 14:00:00
39,51814,192.168.1.24,IL,2024-01-12 15:00:00
20,85330,192.168.1.25,IL,2024-01-12 16:00:00
398,97960,192.168.1.26,NY,2024-01-12 17:00:00
224,73278,192.168.1.27,IL,2024-01-12 18:00:00
354,65077,192.168.1.28,IL,2024-01-12 19:00:00
281,81906,192.168.1.29,IL,2024-01-12 20:00:00
7,19528,192.168.1.30,CA,2024-01-12 21:00:00
99,60100,192.168.1.31,NY,2024-01-12 22:00:00
239,18179,192.168.1.32,IL,2024-01-12 23:00:00
477,58781,192.168.1.33,IL,2024-01-13 00:00:00
86,65267,192.168.1.34,CA,2024-01-13 01:00:00
297,92379,192.168.1.35,NY,2024-01-13 02:00:00
427,33952,192.168.1.36,TX,2024-01-13 03:00:00
13,63798,192.168.1.37,CA,2024-01-13 04:00:00
333,60939,192.168.1.38,NY,2024-01-13 05:00:00
1,39516,192.168.1.39,IL,2024-01-13 06:00:00
374,66526,192.168.1.40,NY,2024-01-13 07:00:00
292,20449,192.168.1.41,NY,2024-01-13 08:00:00
324,60290,192.168.1.42,NY,2024-01-13 09:00:00
421,96661,192.168.1.43,TX,2024-01-13 10:00:00
492,82954,192.168.1.44,NY,2024-01-13 11:00:00
40,32746,192.168.1.45,TX,2024-01-13 12:00:00
317,77990,192.168.1.46,IL,2024-01-13 13:00:00
315,68810,192.168.1.47,TX,2024-01-13 14:00:00
380,93297,192.168.1.48,IL,2024-01-13 15:00:00
110,25223,192.168.1.49,IL,2024-01-13 16:00:00
13,82237,192.168.1.50,TX,2024-01-13 17:00:00
230,12597,192.168.1.51,CA,2024-01-13 18:00:00
472,75677,192.168.1.52,FL,2024-01-13 19:00:00
83,12659,192.168.1.53,NY,2024-01-13 20:00:00
129,96516,192.168.1.54,FL,2024-01-13 21:00:00
230,84567,192.168.1.55,NY,2024-01-13 22:00:00
325,25037,192.168.1.56,NY,2024-01-13 23:00:00
144,56738,192.168.1.57,IL,2024-01-14 00:00:00
378,81678,192.168.1.58,NY,2024-01-14 01:00:00
344,22109,192.168.1.59,NY,2024-01-14 02:00:00
27,32010,192.168.1.60,TX,2024-01-14 03:00:00
65,18787,192.168.1.61,FL,2024-01-14 04:00:00
162,18472,192.168.1.62,TX,2024-01-14 05:00:00
228,33383,192.168.1.63,NY,2024-01-14 06:00:00
260,71709,192.168.1.64,IL,2024-01-14 07:00:00
448,79785,192.168.1.65,TX,2024-01-14 08:00:00
423,44518,192.168.1.66,TX,2024-01-14 09:00:00
459,63909,192.168.1.67,CA,2024-01-14 10:00:00
439,28351,192.168.1.68,NY,2024-01-14 11:00:00
163,79624,192.168.1.69,IL,2024-01-14 12:00:00
300,63330,192.168.1.70,TX,2024-01-14 13:00:00
406,25282,192.168.1.71,TX,2024-01-14 14:00:00
302,94866,192.168.1.72,IL,2024-01-14 15:00:00
286,31778,192.168.1.73,NY,2024-01-14 16:00:00
394,34264,192.168.1.74,CA,2024-01-14 17:00:00
9,69675,192.168.1.75,TX,2024-01-14 18:00:00
194,15075,192.168.1.76,CA,2024-01-14 19:00:00
117,85948,192.168.1.77,FL,2024-01-14 20:00:00
269,58454,192.168.1.78,NY,2024-01-14 21:00:00
79,38365,192.168.1.79,FL,2024-01-14 22:00:00
457,82766,192.168.1.80,FL,2024-01-14 23:00:00
92,58200,192.168.1.81,FL,2024-01-15 00:00:00
265,21002,192.168.1.82,NY,2024-01-15 01:00:00
331,23947,192.168.1.83,NY,2024-01-15 02:00:00
349,89222,192.168.1.84,IL,2024-01-15 03:00:00
360,88610,192.168.1.85,CA,2024-01-15 04:00:00
256,62142,192.168.1.86,CA,2024-01-15 05:00:00
132,66307,192.168.1.87,IL,2024-01-15 06:00:00
275,14493,192.168.1.88,IL,2024-01-15 07:00:00
263,60085,192.168.1.89,FL,2024-01-15 08:00:00
170,44228,192.168.1.90,IL,2024-01-15 09:00:00
459,89676,192.168.1.91,TX,2024-01-15 10:00:00
0,61875,192.168.1.92,CA,2024-01-15 11:00:00
312,41655,192.168.1.93,IL,2024-01-15 12:00:00
63,53472,192.168.1.94,TX,2024-01-15 13:00:00
373,59437,192.168.1.95,TX,2024-01-15 14:00:00
467,59416,192.168.1.96,TX,2024-01-15 15:00:00
283,69711,192.168.1.97,TX,2024-01-15 16:00:00
120,16816,192.168.1.98,FL,2024-01-15 17:00:00
106,87175,192.168.1.99,TX,2024-01-15 18:00:00
420,74307,192.168.1.100,FL,2024-01-15 19:00:00
174,56733,192.168.1.101,FL,2024-01-15 20:00:00
484,21240,192.168.1.102,TX,2024-01-15 21:00:00
203,81363,192.168.1.103,CA,2024-01-15 22:00:00
164,42762,192.168.1.104,TX,2024-01-15 23:00:00
304,18259,192.168.1.105,TX,2024-01-16 00:00:00
496,60139,192.168.1.106,TX,2024-01-16 01:00:00
119,24849,192.168.1.107,CA,2024-01-16 02:00:00
43,91768,192.168.1.108,NY,2024-01-16 03:00:00
311,99709,192.168.1.109,NY,2024-01-16 04:00:00
155,64869,192.168.1.110,FL,2024-01-16 05:00:00
366,73095,192.168.1.111,FL,2024-01-16 06:00:00
206,80910,192.168.1.112,CA,2024-01-16 07:00:00
389,96710,192.168.1.113,IL,2024-01-16 08:00:00
107,33567,192.168.1.114,NY,2024-01-16 09:00:00
250,45292,192.168.1.115,FL,2024-01-16 10:00:00
444,84813,192.168.1.116,NY,2024-01-16 11:00:00
403,61631,192.168.1.117,CA,2024-01-16 12:00:00
369,19885,192.168.1.118,CA,2024-01-16 13:00:00
333,69659,192.168.1.119,IL,2024-01-16 14:00:00
129,64306,192.168.1.120,IL,2024-01-16 15:00:00
456,76314,192.168.1.121,CA,2024-01-16 16:00:00
292,75087,192.168.1.122,FL,2024-01-16 17:00:00
19,39165,192.168.1.123,NY,2024-01-16 18:00:00
281,68929,192.168.1.124,TX,2024-01-16 19:00:00
284,77028,192.168.1.125,IL,2024-01-16 20:00:00
0,59812,192.168.1.126,TX,2024-01-16 21:00:00
118,60500,192.168.1.127,FL,2024-01-16 22:00:00
34,89151,192.168.1.128,IL,2024-01-16 23:00:00
197,68643,192.168.1.129,TX,2024-01-17 00:00:00
484,54900,192.168.1.130,FL,2024-01-17 01:00:00
244,52946,192.168.1.131,NY,2024-01-17 02:00:00
58,17851,192.168.1.132,FL,2024-01-17 03:00:00
324,26288,192.168.1.133,IL,2024-01-17 04:00:00
160,82692,192.168.1.134,CA,2024-01-17 05:00:00
496,77580,192.168.1.135,NY,2024-01-17 06:00:00
178,17368,192.168.1.136,TX,2024-01-17 07:00:00
205,95436,192.168.1.137,IL,2024-01-17 08:00:00
11,56403,192.168.1.138,CA,2024-01-17 09:00:00
489,19168,192.168.1.139,FL,2024-01-17 10:00:00
275,96497,192.168.1.140,CA,2024-01-17 11:00:00
180,59879,192.168.1.141,IL,2024-01-17 12:00:00
241,69871,192.168.1.142,IL,2024-01-17 13:00:00
215,99388,192.168.1.143,CA,2024-01-17 14:00:00
250,42174,192.168.1.144,FL,2024-01-17 15:00:00
298,16581,192.168.1.145,CA,2024-01-17 16:00:00
125,81853,192.168.1.146,IL,2024-01-17 17:00:00
481,74046,192.168.1.147,IL,2024-01-17 18:00:00
216,59678,192.168.1.148,TX,2024-01-17 19:00:00
305,36649,192.168.1.149,TX,2024-01-17 20:00:00
284,98668,192.168.1.150,NY,2024-01-17 21:00:00
184,92325,192.168.1.151,IL,2024-01-17 22:00:00
38,24567,192.168.1.152,TX,2024-01-17 23:00:00
222,90404,192.168.1.153,CA,2024-01-18 00:00:00
183,99906,192.168.1.154,FL,2024-01-18 01:00:00
494,71944,192.168.1.155,CA,2024-01-18 02:00:00
426,88002,192.168.1.156,FL,2024-01-18 03:00:00
177,38803,192.168.1.157,TX,2024-01-18 04:00:00
406,28230,192.168.1.158,NY,2024-01-18 05:00:00
427,27862,192.168.1.159,CA,2024-01-18 06:00:00
293,53355,192.168.1.160,CA,2024-01-18 07:00:00
339,41259,192.168.1.161,CA,2024-01-18 08:00:00
150,97445,192.168.1.162,FL,2024-01-18 09:00:00
383,40795,192.168.1.163,TX,2024-01-18 10:00:00
125,18770,192.168.1.164,CA,2024-01-18 11:00:00
300,21093,192.168.1.165,CA,2024-01-18 12:00:00
307,56571,192.168.1.166,NY,2024-01-18 13:00:00
335,10193,192.168.1.167,NY,2024-01-18 14:00:00
433,27569,192.168.1.168,TX,2024-01-18 15:00:00
233,21190,192.168.1.169,TX,2024-01-18 16:00:00
379,72824,192.168.1.170,IL,2024-01-18 17:00:00
374,52752,192.168.1.171,NY,2024-01-18 18:00:00
7,42327,192.168.1.172,IL,2024-01-18 19:00:00
497,52070,192.168.1.173,FL,2024-01-18 20:00:00
340,95925,192.168.1.174,IL,2024-01-18 21:00:00
128,50197,192.168.1.175,CA,2024-01-18 22:00:00
263,12261,192.168.1.176,IL,2024-01-18 23:00:00
156,36512,192.168.1.177,TX,2024-01-19 00:00:00
351,16716,192.168.1.178,FL,2024-01-19 01:00:00
357,96795,192.168.1.179,CA,2024-01-19 02:00:00
4,38933,192.168.1.180,IL,2024-01-19 03:00:00
494,14378,192.168.1.181,FL,2024-01-19 04:00:00
85,50583,192.168.1.182,FL,2024-01-19 05:00:00
174,95371,192.168.1.183,CA,2024-01-19 06:00:00
289,39033,192.168.1.184,IL,2024-01-19 07:00:00
192,34000,192.168.1.185,FL,2024-01-19 08:00:00
310,85868,192.168.1.186,FL,2024-01-19 09:00:00
118,52604,192.168.1.187,NY,2024-01-19 10:00:00
217,78336,192.168.1.188,FL,2024-01-19 11:00:00
426,83869,192.168.1.189,NY,2024-01-19 12:00:00
457,15410,192.168.1.190,IL,2024-01-19 13:00:00
413,93375,192.168.1.191,IL,2024-01-19 14:00:00
113,66044,192.168.1.192,IL,2024-01-19 15:00:00
465,73315,192.168.1.193,TX,2024-01-19 16:00:00
144,81344,192.168.1.194,IL,2024-01-19 17:00:00
25,16796,192.168.1.195,FL,2024-01-19 18:00:00
135,96716,192.168.1.196,CA,2024-01-19 19:00:00
302,64245,192.168.1.197,NY,2024-01-19 20:00:00
231,53056,192.168.1.198,TX,2024-01-19 21:00:00
368,27709,192.168.1.199,IL,2024-01-19 22:00:00
75,68557,192.168.1.200,IL,2024-01-19 23:00:00
474,27543,192.168.1.201,CA,2024-01-20 00:00:00
327,47418,192.168.1.202,CA,2024-01-20 01:00:00
344,26724,192.168.1.203,TX,2024-01-20 02:00:00
301,13828,192.168.1.204,NY,2024-01-20 03:00:00
451,27087,192.168.1.205,IL,2024-01-20 04:00:00
288,22605,192.168.1.206,TX,2024-01-20 05:00:00
0,41337,192.168.1.207,FL,2024-01-20 06:00:00
146,15482,192.168.1.208,FL,2024-01-20 07:00:00
286,75333,192.168.1.209,TX,2024-01-20 08:00:00
463,98296,192.168.1.210,IL,2024-01-20 09:00:00
141,60952,192.168.1.211,TX,2024-01-20 10:00:00
52,15463,192.168.1.212,IL,2024-01-20 11:00:00
303,80448,192.168.1.213,CA,2024-01-20 12:00:00
68,14648,192.168.1.214,TX,2024-01-20 13:00:00
360,43623,192.168.1.215,IL,2024-01-20 14:00:00
89,69156,192.168.1.216,TX,2024-01-20 15:00:00
445,45634,192.168.1.217,TX,2024-01-20 16:00:00
219,54602,192.168.1.218,IL,2024-01-20 17:00:00
449,59334,192.168.1.219,IL,2024-01-20 18:00:00
497,78648,192.168.1.220,NY,2024-01-20 19:00:00
191,32054,192.168.1.221,TX,2024-01-20 20:00:00
453,80028,192.168.1.222,FL,2024-01-20 21:00:00
62,32207,192.168.1.223,TX,2024-01-20 22:00:00
72,90650,192.168.1.224,TX,2024-01-20 23:00:00
160,91554,192.168.1.225,IL,2024-01-21 00:00:00
168,31386,192.168.1.226,TX,2024-01-21 01:00:00
88,93276,192.168.1.227,TX,2024-01-21 02:00:00
175,69518,192.168.1.228,FL,2024-01-21 03:00:00
268,62781,192.168.1.229,IL,2024-01-21 04:00:00
72,62780,192.168.1.230,TX,2024-01-21 05:00:00
244,71440,192.168.1.231,CA,2024-01-21 06:00:00
76,54199,192.168.1.232,NY,2024-01-21 07:00:00
158,71035,192.168.1.233,FL,2024-01-21 08:00:00
488,18210,192.168.1.234,TX,2024-01-21 09:00:00
458,54363,192.168.1.235,CA,2024-01-21 10:00:00
323,88279,192.168.1.236,TX,2024-01-21 11:00:00
97,70348,192.168.1.237,TX,2024-01-21 12:00:00
380,65284,192.168.1.238,IL,2024-01-21 13:00:00
101,82124,192.168.1.239,IL,2024-01-21 14:00:00
493,78847,192.168.1.240,IL,2024-01-21 15:00:00
131,32432,192.168.1.241,CA,2024-01-21 16:00:00
101,74089,192.168.1.242,TX,2024-01-21 17:00:00
18,65398,192.168.1.243,NY,2024-01-21 18:00:00
453,13321,192.168.1.244,FL,2024-01-21 19:00:00
481,91348,192.168.1.245,IL,2024-01-21 20:00:00
81,47383,192.168.1.246,IL,2024-01-21 21:00:00
396,88682,192.168.1.247,TX,2024-01-21 22:00:00
488,89190,192.168.1.248,TX,2024-01-21 23:00:00
278,62893,192.168.1.249,CA,2024-01-22 00:00:00
338,45820,192.168.1.250,CA,2024-01-22 01:00:00
364,76262,192.168.1.251,IL,2024-01-22 02:00:00
330,13760,192.168.1.252,TX,2024-01-22 03:00:00
128,32190,192.168.1.253,NY,2024-01-22 04:00:00
343,77411,192.168.1.254,FL,2024-01-22 05:00:00
309,33377,192.168.1.0,TX,2024-01-22 06:00:00
454,56737,192.168.1.1,TX,2024-01-22 07:00:00
88,79569,192.168.1.2,CA,2024-01-22 08:00:00
212,48211,192.168.1.3,FL,2024-01-22 09:00:00
142,92909,192.168.1.4,IL,2024-01-22 10:00:00
64,13744,192.168.1.5,TX,2024-01-22 11:00:00
75,34995,192.168.1.6,IL,2024-01-22 12:00:00
198,26977,192.168.1.7,TX,2024-01-22 13:00:00
142,44542,192.168.1.8,IL,2024-01-22 14:00:00
404,20651,192.168.1.9,FL,2024-01-22 15:00:00
402,88931,192.168.1.10,CA,2024-01-22 16:00:00
315,26715,192.168.1.11,FL,2024-01-22 17:00:00
92,54409,192.168.1.12,NY,2024-01-22 18:00:00
472,34306,192.168.1.13,CA,2024-01-22 19:00:00
416,29086,192.168.1.14,FL,2024-01-22 20:00:00
304,24376,192.168.1.15,NY,2024-01-22 21:00:00
223,71350,192.168.1.16,TX,2024-01-22 22:00:00
496,81425,192.168.1.17,TX,2024-01-22 23:00:00
290,46636,192.168.1.18,IL,2024-01-23 00:00:00
427,96120,192.168.1.19,CA,2024-01-23 01:00:00
101,61649,192.168.1.20,TX,2024-01-23 02:00:00
473,44610,192.168.1.21,CA,2024-01-23 03:00:00
266,20058,192.168.1.22,TX,2024-01-23 04:00:00
354,84637,192.168.1.23,IL,2024-01-23 05:00:00
455,88033,192.168.1.24,FL,2024-01-23 06:00:00
109,80194,192.168.1.25,IL,2024-01-23 07:00:00
461,86917,192.168.1.26,NY,2024-01-23 08:00:00
329,74200,192.168.1.27,TX,2024-01-23 09:00:00
449,56619,192.168.1.28,NY,2024-01-23 10:00:00
429,27154,192.168.1.29,NY,2024-01-23 11:00:00
264,29539,192.168.1.30,CA,2024-01-23 12:00:00
2,70058,192.168.1.31,TX,2024-01-23 13:00:00
84,72068,192.168.1.32,NY,2024-01-23 14:00:00
281,87313,192.168.1.33,FL,2024-01-23 15:00:00
327,40373,192.168.1.34,NY,2024-01-23 16:00:00
303,43154,192.168.1.35,FL,2024-01-23 17:00:00
449,16031,192.168.1.36,CA,2024-01-23 18:00:00
453,81975,192.168.1.37,NY,2024-01-23 19:00:00
411,32785,192.168.1.38,IL,2024-01-23 20:00:00
116,88928,192.168.1.39,CA,2024-01-23 21:00:00
220,38669,192.168.1.40,FL,2024-01-23 22:00:00
153,12282,192.168.1.41,CA,2024-01-23 23:00:00
152,44624,192.168.1.42,NY,2024-01-24 00:00:00
11,58438,192.168.1.43,TX,2024-01-24 01:00:00
132,99900,192.168.1.44,TX,2024-01-24 02:00:00
481,77534,192.168.1.45,FL,2024-01-24 03:00:00
303,41705,192.168.1.46,FL,2024-01-24 04:00:00
292,48244,192.168.1.47,TX,2024-01-24 05:00:00
462,84964,192.168.1.48,FL,2024-01-24 06:00:00
299,47437,192.168.1.49,CA,2024-01-24 07:00:00
227,87872,192.168.1.50,IL,2024-01-24 08:00:00
270,84878,192.168.1.51,IL,2024-01-24 09:00:00
42,82982,192.168.1.52,CA,2024-01-24 10:00:00
431,60583,192.168.1.53,IL,2024-01-24 11:00:00
342,48392,192.168.1.54,NY,2024-01-24 12:00:00
325,17461,192.168.1.55,CA,2024-01-24 13:00:00
301,20516,192.168.1.56,FL,2024-01-24 14:00:00
497,89285,192.168.1.57,CA,2024-01-24 15:00:00
363,27514,192.168.1.58,TX,2024-01-24 16:00:00
378,46268,192.168.1.59,FL,2024-01-24 17:00:00
426,46788,192.168.1.60,TX,2024-01-24 18:00:00
492,85749,192.168.1.61,FL,2024-01-24 19:00:00
20,71049,192.168.1.62,IL,2024-01-24 20:00:00
406,72493,192.168.1.63,CA,2024-01-24 21:00:00
106,46027,192.168.1.64,NY,2024-01-24 22:00:00
335,52849,192.168.1.65,FL,2024-01-24 23:00:00
302,27858,192.168.1.66,FL,2024-01-25 00:00:00
116,94162,192.168.1.67,TX,2024-01-25 01:00:00
123,89003,192.168.1.68,IL,2024-01-25 02:00:00
398,62395,192.168.1.69,TX,2024-01-25 03:00:00
280,49758,192.168.1.70,TX,2024-01-25 04:00:00
291,64312,192.168.1.71,IL,2024-01-25 05:00:00
202,78670,192.168.1.72,NY,2024-01-25 06:00:00
50,92279,192.168.1.73,TX,2024-01-25 07:00:00
270,25434,192.168.1.74,TX,2024-01-25 08:00:00
323,74047,192.168.1.75,FL,2024-01-25 09:00:00
276,57775,192.168.1.76,IL,2024-01-25 10:00:00
140,85769,192.168.1.77,CA,2024-01-25 11:00:00
469,76677,192.168.1.78,NY,2024-01-25 12:00:00
274,93555,192.168.1.79,NY,2024-01-25 13:00:00
289,95920,192.168.1.80,IL,2024-01-25 14:00:00
333,55734,192.168.1.81,FL,2024-01-25 15:00:00
380,98503,192.168.1.82,FL,2024-01-25 16:00:00
451,50603,192.168.1.83,IL,2024-01-25 17:00:00
495,86708,192.168.1.84,FL,2024-01-25 18:00:00
372,91926,192.168.1.85,NY,2024-01-25 19:00:00
51,78803,192.168.1.86,NY,2024-01-25 20:00:00
493,49332,192.168.1.87,CA,2024-01-25 21:00:00
26,31312,192.168.1.88,IL,2024-01-25 22:00:00
156,94526,192.168.1.89,TX,2024-01-25 23:00:00
238,54179,192.168.1.90,TX,2024-01-26 00:00:00
155,81442,192.168.1.91,CA,2024-01-26 01:00:00
290,50379,192.168.1.92,CA,2024-01-26 02:00:00
135,27297,192.168.1.93,FL,2024-01-26 03:00:00
143,12011,192.168.1.94,CA,2024-01-26 04:00:00
105,54014,192.168.1.95,CA,2024-01-26 05:00:00
419,21738,192.168.1.96,TX,2024-01-26 06:00:00
157,57498,192.168.1.97,FL,2024-01-26 07:00:00
145,21120,192.168.1.98,CA,2024-01-26 08:00:00
1,18767,192.168.1.99,CA,2024-01-26 09:00:00
432,32852,192.168.1.100,FL,2024-01-26 10:00:00
76,89239,192.168.1.101,IL,2024-01-26 11:00:00
131,10929,192.168.1.102,FL,2024-01-26 12:00:00
89,87487,192.168.1.103,TX,2024-01-26 13:00:00
344,27438,192.168.1.104,IL,2024-01-26 14:00:00
349,58515,192.168.1.105,NY,2024-01-26 15:00:00
458,15744,192.168.1.106,FL,2024-01-26 16:00:00
262,93820,192.168.1.107,TX,2024-01-26 17:00:00
350,52417,192.168.1.108,IL,2024-01-26 18:00:00
107,17069,192.168.1.109,FL,2024-01-26 19:00:00
73,52359,192.168.1.110,CA,2024-01-26 20:00:00
38,29799,192.168.1.111,FL,2024-01-26 21:00:00
396,80188,192.168.1.112,NY,2024-01-26 22:00:00
158,99859,192.168.1.113,FL,2024-01-26 23:00:00
70,17597,192.168.1.114,IL,2024-01-27 00:00:00
446,57093,192.168.1.115,IL,2024-01-27 01:00:00
311,47226,192.168.1.116,FL,2024-01-27 02:00:00
240,82127,192.168.1.117,IL,2024-01-27 03:00:00
425,87362,192.168.1.118,CA,2024-01-27 04:00:00
444,36417,192.168.1.119,FL,2024-01-27 05:00:00
297,28693,192.168.1.120,CA,2024-01-27 06:00:00
439,89674,192.168.1.121,CA,2024-01-27 07:00:00
35,63161,192.168.1.122,TX,2024-01-27 08:00:00
83,12169,192.168.1.123,FL,2024-01-27 09:00:00
451,94092,192.168.1.124,IL,2024-01-27 10:00:00
373,32052,192.168.1.125,CA,2024-01-27 11:00:00
262,81849,192.168.1.126,TX,2024-01-27 12:00:00
309,83851,192.168.1.127,FL,2024-01-27 13:00:00
384,18036,192.168.1.128,FL,2024-01-27 14:00:00
171,41778,192.168.1.129,NY,2024-01-27 15:00:00
375,37734,192.168.1.130,NY,2024-01-27 16:00:00
172,33173,192.168.1.131,CA,2024-01-27 17:00:00
361,40403,192.168.1.132,NY,2024-01-27 18:00:00
46,76321,192.168.1.133,CA,2024-01-27 19:00:00
378,81675,192.168.1.134,IL,2024-01-27 20:00:00
140,16344,192.168.1.135,CA,2024-01-27 21:00:00
374,28800,192.168.1.136,NY,2024-01-27 22:00:00
405,35372,192.168.1.137,IL,2024-01-27 23:00:00
117,71516,192.168.1.138,NY,2024-01-28 00:00:00
276,30538,192.168.1.139,CA,2024-01-28 01:00:00
213,73918,192.168.1.140,TX,2024-01-28 02:00:00
219,24973,192.168.1.141,FL,2024-01-28 03:00:00
392,81155,192.168.1.142,NY,2024-01-28 04:00:00
25,69500,192.168.1.143,CA,2024-01-28 05:00:00
8,46575,192.168.1.144,IL,2024-01-28 06:00:00
270,52261,192.168.1.145,NY,2024-01-28 07:00:00
9,37716,192.168.1.146,NY,2024-01-28 08:00:00
471,13236,192.168.1.147,FL,2024-01-28 09:00:00
377,25848,192.168.1.148,CA,2024-01-28 10:00:00
120,12352,192.168.1.149,TX,2024-01-28 11:00:00
124,11932,192.168.1.150,IL,2024-01-28 12:00:00
169,86449,192.168.1.151,CA,2024-01-28 13:00:00
71,18556,192.168.1.152,IL,2024-01-28 14:00:00
151,96836,192.168.1.153,NY,2024-01-28 15:00:00
207,15498,192.168.1.154,FL,2024-01-28 16:00:00
48,86118,192.168.1.155,FL,2024-01-28 17:00:00
153,60098,192.168.1.156,TX,2024-01-28 18:00:00
346,74386,192.168.1.157,FL,2024-01-28 19:00:00
292,19569,192.168.1.158,NY,2024-01-28 20:00:00
67,66882,192.168.1.159,TX,2024-01-28 21:00:00
49,80393,192.168.1.160,CA,2024-01-28 22:00:00
151,10340,192.168.1.161,FL,2024-01-28 23:00:00
18,53949,192.168.1.162,TX,2024-01-29 00:00:00
99,92302,192.168.1.163,NY,2024-01-29 01:00:00
59,72443,192.168.1.164,IL,2024-01-29 02:00:00
166,84027,192.168.1.165,IL,2024-01-29 03:00:00
201,10138,192.168.1.166,NY,2024-01-29 04:00:00
344,10358,192.168.1.167,NY,2024-01-29 05:00:00
145,85250,192.168.1.168,IL,2024-01-29 06:00:00
402,95376,192.168.1.169,TX,2024-01-29 07:00:00
163,40654,192.168.1.170,IL,2024-01-29 08:00:00
457,35879,192.168.1.171,NY,2024-01-29 09:00:00
480,91532,192.168.1.172,FL,2024-01-29 10:00:00
438,65778,192.168.1.173,CA,2024-01-29 11:00:00
241,47772,192.168.1.174,FL,2024-01-29 12:00:00
68,68478,192.168.1.175,FL,2024-01-29 13:00:00
174,74353,192.168.1.176,NY,2024-01-29 14:00:00
48,36762,192.168.1.177,IL,2024-01-29 15:00:00
482,23283,192.168.1.178,TX,2024-01-29 16:00:00
107,73922,192.168.1.179,FL,2024-01-29 17:00:00
225,49420,192.168.1.180,IL,2024-01-29 18:00:00
160,65568,192.168.1.181,TX,2024-01-29 19:00:00
118,95090,192.168.1.182,FL,2024-01-29 20:00:00
148,30219,192.168.1.183,TX,2024-01-29 21:00:00
464,67169,192.168.1.184,IL,2024-01-29 22:00:00
149,84965,192.168.1.185,CA,2024-01-29 23:00:00
431,56840,192.168.1.186,IL,2024-01-30 00:00:00
292,54695,192.168.1.187,NY,2024-01-30 01:00:00
142,94754,192.168.1.188,TX,2024-01-30 02:00:00
418,87988,192.168.1.189,CA,2024-01-30 03:00:00
475,68342,192.168.1.190,TX,2024-01-30 04:00:00
454,28951,192.168.1.191,TX,2024-01-30 05:00:00
159,11307,192.168.1.192,FL,2024-01-30 06:00:00
10,90388,192.168.1.193,NY,2024-01-30 07:00:00
137,45428,192.168.1.194,TX,2024-01-30 08:00:00
456,85774,192.168.1.195,IL,2024-01-30 09:00:00
77,48975,192.168.1.196,IL,2024-01-30 10:00:00
76,11140,192.168.1.197,FL,2024-01-30 11:00:00
440,34842,192.168.1.198,NY,2024-01-30 12:00:00
253,36421,192.168.1.199,NY,2024-01-30 13:00:00
408,11708,192.168.1.200,IL,2024-01-30 14:00:00
257,13630,192.168.1.201,CA,2024-01-30 15:00:00
319,29595,192.168.1.202,FL,2024-01-30 16:00:00
290,86021,192.168.1.203,FL,2024-01-30 17:00:00
262,38308,192.168.1.204,IL,2024-01-30 18:00:00
84,54789,192.168.1.205,IL,2024-01-30 19:00:00
145,65690,192.168.1.206,CA,2024-01-30 20:00:00
322,36086,192.168.1.207,CA,2024-01-30 21:00:00
41,26859,192.168.1.208,NY,2024-01-30 22:00:00
373,17684,192.168.1.209,FL,2024-01-30 23:00:00
124,11207,192.168.1.210,FL,2024-01-31 00:00:00
166,56099,192.168.1.211,IL,2024-01-31 01:00:00
424,77496,192.168.1.212,NY,2024-01-31 02:00:00
240,76093,192.168.1.213,FL,2024-01-31 03:00:00
458,39689,192.168.1.214,NY,2024-01-31 04:00:00
486,58651,192.168.1.215,NY,2024-01-31 05:00:00
279,23893,192.168.1.216,IL,2024-01-31 06:00:00
187,76418,192.168.1.217,NY,2024-01-31 07:00:00
301,70011,192.168.1.218,CA,2024-01-31 08:00:00
18,48635,192.168.1.219,CA,2024-01-31 09:00:00
67,66115,192.168.1.220,TX,2024-01-31 10:00:00
217,88405,192.168.1.221,IL,2024-01-31 11:00:00
101,82702,192.168.1.222,TX,2024-01-31 12:00:00
41,88518,192.168.1.223,CA,2024-01-31 13:00:00
287,82805,192.168.1.224,TX,2024-01-31 14:00:00
166,68954,192.168.1.225,IL,2024-01-31 15:00:00
108,38064,192.168.1.226,IL,2024-01-31 16:00:00
493,89063,192.168.1.227,NY,2024-01-31 17:00:00
35,12454,192.168.1.228,FL,2024-01-31 18:00:00
231,30878,192.168.1.229,NY,2024-01-31 19:00:00
228,61098,192.168.1.230,IL,2024-01-31 20:00:00
352,72154,192.168.1.231,CA,2024-01-31 21:00:00
163,22991,192.168.1.232,CA,2024-01-31 22:00:00
386,78344,192.168.1.233,NY,2024-01-31 23:00:00
72,46593,192.168.1.234,IL,2024-02-01 00:00:00
135,46304,192.168.1.235,CA,2024-02-01 01:00:00
352,40386,192.168.1.236,IL,2024-02-01 02:00:00
378,65220,192.168.1.237,CA,2024-02-01 03:00:00
69,79338,192.168.1.238,IL,2024-02-01 04:00:00
424,31083,192.168.1.239,TX,2024-02-01 05:00:00
486,28354,192.168.1.240,IL,2024-02-01 06:00:00
195,32190,192.168.1.241,IL,2024-02-01 07:00:00
268,16142,192.168.1.242,NY,2024-02-01 08:00:00
48,38398,192.168.1.243,TX,2024-02-01 09:00:00
315,61971,192.168.1.244,FL,2024-02-01 10:00:00
129,51862,192.168.1.245,NY,2024-02-01 11:00:00
443,63410,192.168.1.246,FL,2024-02-01 12:00:00
4,29503,192.168.1.247,CA,2024-02-01 13:00:00
427,58456,192.168.1.248,FL,2024-02-01 14:00:00
26,92035,192.168.1.249,IL,2024-02-01 15:00:00
159,18016,192.168.1.250,FL,2024-02-01 16:00:00
148,12384,192.168.1.251,NY,2024-02-01 17:00:00
263,72320,192.168.1.252,NY,2024-02-01 18:00:00
229,25072,192.168.1.253,FL,2024-02-01 19:00:00
199,90018,192.168.1.254,NY,2024-02-01 20:00:00
49,50510,192.168.1.0,NY,2024-02-01 21:00:00
66,58933,192.168.1.1,FL,2024-02-01 22:00:00
299,31826,192.168.1.2,TX,2024-02-01 23:00:00
380,78026,192.168.1.3,TX,2024-02-02 00:00:00
57,35518,192.168.1.4,CA,2024-02-02 01:00:00
258,34045,192.168.1.5,NY,2024-02-02 02:00:00
341,60876,192.168.1.6,FL,2024-02-02 03:00:00
325,61919,192.168.1.7,NY,2024-02-02 04:00:00
129,37103,192.168.1.8,IL,2024-02-02 05:00:00
214,46188,192.168.1.9,NY,2024-02-02 06:00:00
171,15845,192.168.1.10,NY,2024-02-02 07:00:00
257,96698,192.168.1.11,TX,2024-02-02 08:00:00
101,46674,192.168.1.12,FL,2024-02-02 09:00:00
208,29337,192.168.1.13,NY,2024-02-02 10:00:00
290,32313,192.168.1.14,TX,2024-02-02 11:00:00
353,36943,192.168.1.15,CA,2024-02-02 12:00:00
470,87949,192.168.1.16,TX,2024-02-02 13:00:00
285,10276,192.168.1.17,TX,2024-02-02 14:00:00
115,61151,192.168.1.18,TX,2024-02-02 15:00:00
263,27611,192.168.1.19,NY,2024-02-02 16:00:00
149,21944,192.168.1.20,NY,2024-02-02 17:00:00
299,62887,192.168.1.21,CA,2024-02-02 18:00:00
441,91442,192.168.1.22,IL,2024-02-02 19:00:00
35,59847,192.168.1.23,IL,2024-02-02 20:00:00
452,68653,192.168.1.24,IL,2024-02-02 21:00:00
332,96072,192.168.1.25,CA,2024-02-02 22:00:00
476,66622,192.168.1.26,IL,2024-02-02 23:00:00
286,37810,192.168.1.27,IL,2024-02-03 00:00:00
302,87842,192.168.1.28,TX,2024-02-03 01:00:00
310,20503,192.168.1.29,NY,2024-02-03 02:00:00
207,94761,192.168.1.30,NY,2024-02-03 03:00:00
105,46976,192.168.1.31,TX,2024-02-03 04:00:00
445,21590,192.168.1.32,TX,2024-02-03 05:00:00
157,20886,192.168.1.33,TX,2024-02-03 06:00:00
120,22866,192.168.1.34,NY,2024-02-03 07:00:00
54,76624,192.168.1.35,IL,2024-02-03 08:00:00
399,78899,192.168.1.36,TX,2024-02-03 09:00:00
11,42792,192.168.1.37,CA,2024-02-03 10:00:00
144,19764,192.168.1.38,TX,2024-02-03 11:00:00
399,96156,192.168.1.39,FL,2024-02-03 12:00:00
395,52727,192.168.1.40,TX,2024-02-03 13:00:00
135,88471,192.168.1.41,NY,2024-02-03 14:00:00
467,18068,192.168.1.42,TX,2024-02-03 15:00:00
2,17295,192.168.1.43,FL,2024-02-03 16:00:00
143,51160,192.168.1.44,CA,2024-02-03 17:00:00
29,21390,192.168.1.45,IL,2024-02-03 18:00:00
236,30131,192.168.1.46,TX,2024-02-03 19:00:00
278,85969,192.168.1.47,FL,2024-02-03 20:00:00
347,25038,192.168.1.48,FL,2024-02-03 21:00:00
114,62327,192.168.1.49,CA,2024-02-03 22:00:00
103,87064,192.168.1.50,NY,2024-02-03 23:00:00
117,31281,192.168.1.51,TX,2024-02-04 00:00:00
4,64189,192.168.1.52,FL,2024-02-04 01:00:00
467,58511,192.168.1.53,CA,2024-02-04 02:00:00
359,18605,192.168.1.54,IL,2024-02-04 03:00:00
247,11381,192.168.1.55,FL,2024-02-04 04:00:00
363,76634,192.168.1.56,CA,2024-02-04 05:00:00
320,29810,192.168.1.57,NY,2024-02-04 06:00:00
120,34322,192.168.1.58,NY,2024-02-04 07:00:00
285,51869,192.168.1.59,FL,2024-02-04 08:00:00
148,42955,192.168.1.60,FL,2024-02-04 09:00:00
83,71388,192.168.1.61,TX,2024-02-04 10:00:00
453,20207,192.168.1.62,CA,2024-02-04 11:00:00
405,97329,192.168.1.63,FL,2024-02-04 12:00:00
465,77628,192.168.1.64,TX,2024-02-04 13:00:00
455,38220,192.168.1.65,TX,2024-02-04 14:00:00
230,94050,192.168.1.66,FL,2024-02-04 15:00:00
287,84085,192.168.1.67,NY,2024-02-04 16:00:00
160,32031,192.168.1.68,CA,2024-02-04 17:00:00
271,80721,192.168.1.69,CA,2024-02-04 18:00:00
459,90807,192.168.1.70,NY,2024-02-04 19:00:00
37,81312,192.168.1.71,FL,2024-02-04 20:00:00
499,69766,192.168.1.72,CA,2024-02-04 21:00:00
225,22449,192.168.1.73,FL,2024-02-04 22:00:00
141,99833,192.168.1.74,FL,2024-02-04 23:00:00
291,66699,192.168.1.75,TX,2024-02-05 00:00:00
480,91253,192.168.1.76,NY,2024-02-05 01:00:00
150,56092,192.168.1.77,FL,2024-02-05 02:00:00
113,73671,192.168.1.78,IL,2024-02-05 03:00:00
236,20350,192.168.1.79,NY,2024-02-05 04:00:00
65,78487,192.168.1.80,CA,2024-02-05 05:00:00
360,27622,192.168.1.81,TX,2024-02-05 06:00:00
340,80263,192.168.1.82,CA,2024-02-05 07:00:00
257,63117,192.168.1.83,CA,2024-02-05 08:00:00
474,68394,192.168.1.84,NY,2024-02-05 09:00:00
248,33782,192.168.1.85,CA,2024-02-05 10:00:00
456,38454,192.168.1.86,FL,2024-02-05 11:00:00
448,77904,192.168.1.87,CA,2024-02-05 12:00:00
330,25592,192.168.1.88,TX,2024-02-05 13:00:00
322,32173,192.168.1.89,TX,2024-02-05 14:00:00
179,43204,192.168.1.90,IL,2024-02-05 15:00:00
189,45596,192.168.1.91,TX,2024-02-05 16:00:00
406,44324,192.168.1.92,CA,2024-02-05 17:00:00
153,71202,192.168.1.93,TX,2024-02-05 18:00:00
195,99400,192.168.1.94,NY,2024-02-05 19:00:00
465,40750,192.168.1.95,TX,2024-02-05 20:00:00
310,86112,192.168.1.96,FL,2024-02-05 21:00:00
261,26566,192.168.1.97,NY,2024-02-05 22:00:00
418,17190,192.168.1.98,IL,2024-02-05 23:00:00
405,98607,192.168.1.99,FL,2024-02-06 00:00:00
426,48333,192.168.1.100,CA,2024-02-06 01:00:00
142,90905,192.168.1.101,CA,2024-02-06 02:00:00
341,99571,192.168.1.102,CA,2024-02-06 03:00:00
315,11589,192.168.1.103,FL,2024-02-06 04:00:00
100,35235,192.168.1.104,FL,2024-02-06 05:00:00
243,10159,192.168.1.105,FL,2024-02-06 06:00:00
489,22145,192.168.1.106,NY,2024-02-06 07:00:00
11,90909,192.168.1.107,NY,2024-02-06 08:00:00
238,41921,192.168.1.108,CA,2024-02-06 09:00:00
48,26237,192.168.1.109,TX,2024-02-06 10:00:00
41,18244,192.168.1.110,CA,2024-02-06 11:00:00
165,24743,192.168.1.111,IL,2024-02-06 12:00:00
81,56101,192.168.1.112,NY,2024-02-06 13:00:00
428,94227,192.168.1.113,FL,2024-02-06 14:00:00
290,66378,192.168.1.114,NY,2024-02-06 15:00:00
157,81126,192.168.1.115,FL,2024-02-06 16:00:00
215,66071,192.168.1.116,IL,2024-02-06 17:00:00
489,81121,192.168.1.117,IL,2024-02-06 18:00:00
157,84763,192.168.1.118,NY,2024-02-06 19:00:00
461,22237,192.168.1.119,FL,2024-02-06 20:00:00
133,25649,192.168.1.120,IL,2024-02-06 21:00:00
66,47713,192.168.1.121,CA,2024-02-06 22:00:00
335,83463,192.168.1.122,CA,2024-02-06 23:00:00
6,55409,192.168.1.123,FL,2024-02-07 00:00:00
435,58766,192.168.1.124,NY,2024-02-07 01:00:00
13,56154,192.168.1.125,IL,2024-02-07 02:00:00
72,17016,192.168.1.126,NY,2024-02-07 03:00:00
398,89563,192.168.1.127,CA,2024-02-07 04:00:00
404,58688,192.168.1.128,IL,2024-02-07 05:00:00
162,99678,192.168.1.129,NY,2024-02-07 06:00:00
65,64238,192.168.1.130,TX,2024-02-07 07:00:00
346,68608,192.168.1.131,FL,2024-02-07 08:00:00
129,99081,192.168.1.132,FL,2024-02-07 09:00:00
418,41897,192.168.1.133,TX,2024-02-07 10:00:00
465,60961,192.168.1.134,CA,2024-02-07 11:00:00
205,78703,192.168.1.135,IL,2024-02-07 12:00:00
275,54757,192.168.1.136,FL,2024-02-07 13:00:00
465,36917,192.168.1.137,TX,2024-02-07 14:00:00
255,32736,192.168.1.138,TX,2024-02-07 15:00:00
265,37990,192.168.1.139,CA,2024-02-07 16:00:00
24,72551,192.168.1.140,CA,2024-02-07 17:00:00
449,68161,192.168.1.141,NY,2024-02-07 18:00:00
280,89623,192.168.1.142,FL,2024-02-07 19:00:00
252,32440,192.168.1.143,NY,2024-02-07 20:00:00
309,45205,192.168.1.144,TX,2024-02-07 21:00:00
288,90811,192.168.1.145,IL,2024-02-07 22:00:00
163,65103,192.168.1.146,IL,2024-02-07 23:00:00
94,80812,192.168.1.147,CA,2024-02-08 00:00:00
269,51627,192.168.1.148,IL,2024-02-08 01:00:00
320,29008,192.168.1.149,IL,2024-02-08 02:00:00
109,81274,192.168.1.150,IL,2024-02-08 03:00:00
335,42402,192.168.1.151,TX,2024-02-08 04:00:00
309,63384,192.168.1.152,IL,2024-02-08 05:00:00
237,15793,192.168.1.153,IL,2024-02-08 06:00:00
380,15571,192.168.1.154,IL,2024-02-08 07:00:00
435,26209,192.168.1.155,NY,2024-02-08 08:00:00
386,53148,192.168.1.156,TX,2024-02-08 09:00:00
482,12224,192.168.1.157,CA,2024-02-08 10:00:00
424,58695,192.168.1.158,NY,2024-02-08 11:00:00
389,42441,192.168.1.159,FL,2024-02-08 12:00:00
24,49129,192.168.1.160,TX,2024-02-08 13:00:00
140,72368,192.168.1.161,TX,2024-02-08 14:00:00
116,54760,192.168.1.162,FL,2024-02-08 15:00:00
481,33478,192.168.1.163,FL,2024-02-08 16:00:00
391,81854,192.168.1.164,FL,2024-02-08 17:00:00
404,95716,192.168.1.165,CA,2024-02-08 18:00:00
481,22180,192.168.1.166,IL,2024-02-08 19:00:00
451,25372,192.168.1.167,TX,2024-02-08 20:00:00
24,39796,192.168.1.168,IL,2024-02-08 21:00:00
78,68272,192.168.1.169,IL,2024-02-08 22:00:00
67,99963,192.168.1.170,FL,2024-02-08 23:00:00
172,64040,192.168.1.171,CA,2024-02-09 00:00:00
443,85357,192.168.1.172,NY,2024-02-09 01:00:00
11,81368,192.168.1.173,CA,2024-02-09 02:00:00
287,88356,192.168.1.174,IL,2024-02-09 03:00:00
127,26211,192.168.1.175,CA,2024-02-09 04:00:00
95,15842,192.168.1.176,FL,2024-02-09 05:00:00
91,73115,192.168.1.177,NY,2024-02-09 06:00:00
140,76852,192.168.1.178,FL,2024-02-09 07:00:00
30,55968,192.168.1.179,NY,2024-02-09 08:00:00
333,27508,192.168.1.180,IL,2024-02-09 09:00:00
19,32005,192.168.1.181,NY,2024-02-09 10:00:00
145,64575,192.168.1.182,NY,2024-02-09 11:00:00
476,90742,192.168.1.183,NY,2024-02-09 12:00:00
315,28971,192.168.1.184,CA,2024-02-09 13:00:00
446,35599,192.168.1.185,CA,2024-02-09 14:00:00
389,97592,192.168.1.186,IL,2024-02-09 15:00:00
159,76914,192.168.1.187,NY,2024-02-09 16:00:00
348,77055,192.168.1.188,TX,2024-02-09 17:00:00
42,97697,192.168.1.189,IL,2024-02-09 18:00:00
253,15355,192.168.1.190,NY,2024-02-09 19:00:00
129,64120,192.168.1.191,NY,2024-02-09 20:00:00
59,84619,192.168.1.192,CA,2024-02-09 21:00:00
150,48342,192.168.1.193,IL,2024-02-09 22:00:00
466,95992,192.168.1.194,NY,2024-02-09 23:00:00
286,88860,192.168.1.195,NY,2024-02-10 00:00:00
498,12257,192.168.1.196,IL,2024-02-10 01:00:00
4,37364,192.168.1.197,TX,2024-02-10 02:00:00
466,34972,192.168.1.198,IL,2024-02-10 03:00:00
417,36654,192.168.1.199,IL,2024-02-10 04:00:00
265,90769,192.168.1.200,TX,2024-02-10 05:00:00
344,91423,192.168.1.201,IL,2024-02-10 06:00:00
129,39320,192.168.1.202,NY,2024-02-10 07:00:00
381,30808,192.168.1.203,IL,2024-02-10 08:00:00
266,62389,192.168.1.204,TX,2024-02-10 09:00:00
177,44773,192.168.1.205,FL,2024-02-10 10:00:00
252,61168,192.168.1.206,IL,2024-02-10 11:00:00
414,37747,192.168.1.207,CA,2024-02-10 12:00:00
55,86396,192.168.1.208,NY,2024-02-10 13:00:00
462,93692,192.168.1.209,NY,2024-02-10 14:00:00
456,67505,192.168.1.210,CA,2024-02-10 15:00:00
470,95896,192.168.1.211,CA,2024-02-10 16:00:00
82,28135,192.168.1.212,IL,2024-02-10 17:00:00
392,57377,192.168.1.213,CA,2024-02-10 18:00:00
98,33554,192.168.1.214,FL,2024-02-10 19:00:00
148,72491,192.168.1.215,TX,2024-02-10 20:00:00
328,65621,192.168.1.216,CA,2024-02-10 21:00:00
155,68283,192.168.1.217,CA,2024-02-10 22:00:00
189,95140,192.168.1.218,FL,2024-02-10 23:00:00
493,26923,192.168.1.219,NY,2024-02-11 00:00:00
370,57591,192.168.1.220,NY,2024-02-11 01:00:00
262,72261,192.168.1.221,IL,2024-02-11 02:00:00
79,64336,192.168.1.222,FL,2024-02-11 03:00:00
399,84083,192.168.1.223,TX,2024-02-11 04:00:00
251,70948,192.168.1.224,TX,2024-02-11 05:00:00
96,43002,192.168.1.225,FL,2024-02-11 06:00:00
259,90098,192.168.1.226,TX,2024-02-11 07:00:00
259,83016,192.168.1.227,NY,2024-02-11 08:00:00
102,36672,192.168.1.228,TX,2024-02-11 09:00:00
39,14213,192.168.1.229,TX,2024-02-11 10:00:00
272,20293,192.168.1.230,FL,2024-02-11 11:00:00
100,65860,192.168.1.231,FL,2024-02-11 12:00:00
358,72507,192.168.1.232,TX,2024-02-11 13:00:00
379,67134,192.168.1.233,CA,2024-02-11 14:00:00
307,12100,192.168.1.234,FL,2024-02-11 15:00:00
220,71997,192.168.1.235,IL,2024-02-11 16:00:00
307,38172,192.168.1.236,IL,2024-02-11 17:00:00
419,30132,192.168.1.237,NY,2024-02-11 18:00:00
123,28199,192.168.1.238,TX,2024-02-11 19:00:00
421,46609,192.168.1.239,CA,2024-02-11 20:00:00
230,52965,192.168.1.240,NY,2024-02-11 21:00:00
177,18016,192.168.1.241,TX,2024-02-11 22:00:00
62,49779,192.168.1.242,FL,2024-02-11 23:00:00
484,41881,192.168.1.243,IL,2024-02-12 00:00:00
115,92594,192.168.1.244,CA,2024-02-12 01:00:00
190,34472,192.168.1.245,IL,2024-02-12 02:00:00
61,61813,192.168.1.246,FL,2024-02-12 03:00:00
255,46021,192.168.1.247,TX,2024-02-12 04:00:00
482,64131,192.168.1.248,FL,2024-02-12 05:00:00
6,34087,192.168.1.249,FL,2024-02-12 06:00:00
154,22828,192.168.1.250,IL,2024-02-12 07:00:00
91,71610,192.168.1.251,CA,2024-02-12 08:00:00
469,11401,192.168.1.252,FL,2024-02-12 09:00:00
13,95179,192.168.1.253,IL,2024-02-12 10:00:00
454,25193,192.168.1.254,CA,2024-02-12 11:00:00
228,54864,192.168.1.0,TX,2024-02-12 12:00:00
85,30307,192.168.1.1,TX,2024-02-12 13:00:00
132,29611,192.168.1.2,NY,2024-02-12 14:00:00
182,53791,192.168.1.3,IL,2024-02-12 15:00:00
385,21950,192.168.1.4,CA,2024-02-12 16:00:00
61,86240,192.168.1.5,FL,2024-02-12 17:00:00
218,87403,192.168.1.6,TX,2024-02-12 18:00:00
404,12745,192.168.1.7,CA,2024-02-12 19:00:00
245,65243,192.168.1.8,IL,2024-02-12 20:00:00
229,13866,192.168.1.9,NY,2024-02-12 21:00:00
78,42245,192.168.1.10,TX,2024-02-12 22:00:00
148,54724,192.168.1.11,CA,2024-02-12 23:00:00
137,81354,192.168.1.12,CA,2024-02-13 00:00:00
470,61374,192.168.1.13,CA,2024-02-13 01:00:00
313,40116,192.168.1.14,IL,2024-02-13 02:00:00
375,91029,192.168.1.15,IL,2024-02-13 03:00:00
422,30447,192.168.1.16,IL,2024-02-13 04:00:00
388,40431,192.168.1.17,FL,2024-02-13 05:00:00
64,27908,192.168.1.18,CA,2024-02-13 06:00:00
12,39336,192.168.1.19,TX,2024-02-13 07:00:00
212,50992,192.168.1.20,IL,2024-02-13 08:00:00
473,65350,192.168.1.21,IL,2024-02-13 09:00:00
241,79561,192.168.1.22,CA,2024-02-13 10:00:00
492,61955,192.168.1.23,IL,2024-02-13 11:00:00
212,71240,192.168.1.24,FL,2024-02-13 12:00:00
180,30093,192.168.1.25,FL,2024-02-13 13:00:00
337,16155,192.168.1.26,IL,2024-02-13 14:00:00
484,56607,192.168.1.27,CA,2024-02-13 15:00:00
172,43487,192.168.1.28,CA,2024-02-13 16:00:00
159,65668,192.168.1.29,CA,2024-02-13 17:00:00
163,30963,192.168.1.30,NY,2024-02-13 18:00:00
464,60124,192.168.1.31,IL,2024-02-13 19:00:00
482,62870,192.168.1.32,CA,2024-02-13 20:00:00
496,66547,192.168.1.33,FL,2024-02-13 21:00:00
187,74110,192.168.1.34,TX,2024-02-13 22:00:00
394,63554,192.168.1.35,TX,2024-02-13 23:00:00
190,30936,192.168.1.36,CA,2024-02-14 00:00:00
404,14426,192.168.1.37,TX,2024-02-14 01:00:00
307,98839,192.168.1.38,TX,2024-02-14 02:00:00
255,37606,192.168.1.39,NY,2024-02-14 03:00:00
182,57832,192.168.1.40,FL,2024-02-14 04:00:00
116,38151,192.168.1.41,FL,2024-02-14 05:00:00
281,89303,192.168.1.42,NY,2024-02-14 06:00:00
195,21308,192.168.1.43,NY,2024-02-14 07:00:00
33,72522,192.168.1.44,TX,2024-02-14 08:00:00
51,55671,192.168.1.45,IL,2024-02-14 09:00:00
111,12204,192.168.1.46,TX,2024-02-14 10:00:00
251,97265,192.168.1.47,NY,2024-02-14 11:00:00
81,41131,192.168.1.48,FL,2024-02-14 12:00:00
231,62428,192.168.1.49,TX,2024-02-14 13:00:00
226,43870,192.168.1.50,IL,2024-02-14 14:00:00
232,59067,192.168.1.51,TX,2024-02-14 15:00:00
220,68585,192.168.1.52,CA,2024-02-14 16:00:00
435,31607,192.168.1.53,TX,2024-02-14 17:00:00
412,34968,192.168.1.54,NY,2024-02-14 18:00:00
421,21908,192.168.1.55,FL,2024-02-14 19:00:00
41,36423,192.168.1.56,FL,2024-02-14 20:00:00
20,84707,192.168.1.57,NY,2024-02-14 21:00:00
41,88257,192.168.1.58,CA,2024-02-14 22:00:00
396,71215,192.168.1.59,NY,2024-02-14 23:00:00
112,65835,192.168.1.60,TX,2024-02-15 00:00:00
104,59429,192.168.1.61,NY,2024-02-15 01:00:00
191,92152,192.168.1.62,NY,2024-02-15 02:00:00
16,48458,192.168.1.63,CA,2024-02-15 03:00:00
119,56169,192.168.1.64,TX,2024-02-15 04:00:00
392,17659,192.168.1.65,IL,2024-02-15 05:00:00
424,70614,192.168.1.66,IL,2024-02-15 06:00:00
128,87240,192.168.1.67,FL,2024-02-15 07:00:00
129,42793,192.168.1.68,NY,2024-02-15 08:00:00
59,56473,192.168.1.69,FL,2024-02-15 09:00:00
47,99388,192.168.1.70,CA,2024-02-15 10:00:00
28,98330,192.168.1.71,IL,2024-02-15 11:00:00
96,65751,192.168.1.72,NY,2024-02-15 12:00:00
9,88915,192.168.1.73,CA,2024-02-15 13:00:00
241,64254,192.168.1.74,CA,2024-02-15 14:00:00
313,17006,192.168.1.75,NY,2024-02-15 15:00:00
443,84218,192.168.1.76,CA,2024-02-15 16:00:00
231,75344,192.168.1.77,NY,2024-02-15 17:00:00
276,43840,192.168.1.78,NY,2024-02-15 18:00:00
283,42430,192.168.1.79,TX,2024-02-15 19:00:00
202,33091,192.168.1.80,FL,2024-02-15 20:00:00
246,42983,192.168.1.81,CA,2024-02-15 21:00:00
289,33989,192.168.1.82,CA,2024-02-15 22:00:00
263,85451,192.168.1.83,TX,2024-02-15 23:00:00
442,28990,192.168.1.84,TX,2024-02-16 00:00:00
213,90360,192.168.1.85,TX,2024-02-16 01:00:00
199,46081,192.168.1.86,IL,2024-02-16 02:00:00
432,21033,192.168.1.87,IL,2024-02-16 03:00:00
78,26241,192.168.1.88,IL,2024-02-16 04:00:00
400,15939,192.168.1.89,NY,2024-02-16 05:00:00
443,57562,192.168.1.90,CA,2024-02-16 06:00:00
342,45063,192.168.1.91,FL,2024-02-16 07:00:00
343,86721,192.168.1.92,NY,2024-02-16 08:00:00
172,37045,192.168.1.93,CA,2024-02-16 09:00:00
466,54769,192.168.1.94,CA,2024-02-16 10:00:00
68,57118,192.168.1.95,TX,2024-02-16 11:00:00
415,94703,192.168.1.96,TX,2024-02-16 12:00:00
427,31625,192.168.1.97,NY,2024-02-16 13:00:00
448,37076,192.168.1.98,TX,2024-02-16 14:00:00
86,74805,192.168.1.99,CA,2024-02-16 15:00:00
100,54605,192.168.1.100,TX,2024-02-16 16:00:00
7,94565,192.168.1.101,IL,2024-02-16 17:00:00
332,98509,192.168.1.102,TX,2024-02-16 18:00:00
199,49121,192.168.1.103,CA,2024-02-16 19:00:00
86,75101,192.168.1.104,NY,2024-02-16 20:00:00
42,41433,192.168.1.105,FL,2024-02-16 21:00:00
384,53309,192.168.1.106,TX,2024-02-16 22:00:00
108,77468,192.168.1.107,CA,2024-02-16 23:00:00
434,54254,192.168.1.108,FL,2024-02-17 00:00:00
407,77293,192.168.1.109,FL,2024-02-17 01:00:00
482,47853,192.168.1.110,IL,2024-02-17 02:00:00
151,48405,192.168.1.111,FL,2024-02-17 03:00:00
16,76652,192.168.1.112,CA,2024-02-17 04:00:00
132,53527,192.168.1.113,CA,2024-02-17 05:00:00
147,87227,192.168.1.114,TX,2024-02-17 06:00:00
276,10492,192.168.1.115,TX,2024-02-17 07:00:00
231,18811,192.168.1.116,TX,2024-02-17 08:00:00
313,34272,192.168.1.117,FL,2024-02-17 09:00:00
414,82010,192.168.1.118,FL,2024-02-17 10:00:00
365,57153,192.168.1.119,IL,2024-02-17 11:00:00
227,64110,192.168.1.120,TX,2024-02-17 12:00:00
138,23979,192.168.1.121,NY,2024-02-17 13:00:00
435,38328,192.168.1.122,IL,2024-02-17 14:00:00
398,22867,192.168.1.123,NY,2024-02-17 15:00:00
210,69234,192.168.1.124,FL,2024-02-17 16:00:00
390,35851,192.168.1.125,IL,2024-02-17 17:00:00
498,41279,192.168.1.126,IL,2024-02-17 18:00:00
27,83402,192.168.1.127,CA,2024-02-17 19:00:00
50,25449,192.168.1.128,FL,2024-02-17 20:00:00
490,86221,192.168.1.129,FL,2024-02-17 21:00:00
441,99080,192.168.1.130,IL,2024-02-17 22:00:00
260,15451,192.168.1.131,FL,2024-02-17 23:00:00
260,97178,192.168.1.132,IL,2024-02-18 00:00:00
349,51316,192.168.1.133,CA,2024-02-18 01:00:00
351,73064,192.168.1.134,IL,2024-02-18 02:00:00
7,73761,192.168.1.135,FL,2024-02-18 03:00:00
319,48870,192.168.1.136,FL,2024-02-18 04:00:00
137,40873,192.168.1.137,IL,2024-02-18 05:00:00
37,68627,192.168.1.138,IL,2024-02-18 06:00:00
110,76155,192.168.1.139,IL,2024-02-18 07:00:00
479,35372,192.168.1.140,TX,2024-02-18 08:00:00
367,13642,192.168.1.141,FL,2024-02-18 09:00:00
219,38001,192.168.1.142,FL,2024-02-18 10:00:00
336,44064,192.168.1.143,TX,2024-02-18 11:00:00
222,24122,192.168.1.144,IL,2024-02-18 12:00:00
135,34820,192.168.1.145,CA,2024-02-18 13:00:00
255,78431,192.168.1.146,IL,2024-02-18 14:00:00
359,65745,192.168.1.147,IL,2024-02-18 15:00:00
408,60081,192.168.1.148,TX,2024-02-18 16:00:00
328,80902,192.168.1.149,FL,2024-02-18 17:00:00
449,18711,192.168.1.150,IL,2024-02-18 18:00:00
462,95132,192.168.1.151,FL,2024-02-18 19:00:00
433,28793,192.168.1.152,NY,2024-02-18 20:00:00
450,18199,192.168.1.153,FL,2024-02-18 21:00:00
48,86253,192.168.1.154,CA,2024-02-18 22:00:00
291,46191,192.168.1.155,CA,2024-02-18 23:00:00
381,20211,192.168.1.156,IL,2024-02-19 00:00:00
323,73069,192.168.1.157,FL,2024-02-19 01:00:00
77,98896,192.168.1.158,IL,2024-02-19 02:00:00
104,66746,192.168.1.159,TX,2024-02-19 03:00:00
168,31542,192.168.1.160,CA,2024-02-19 04:00:00
216,41312,192.168.1.161,IL,2024-02-19 05:00:00
377,55242,192.168.1.162,TX,2024-02-19 06:00:00
118,97893,192.168.1.163,IL,2024-02-19 07:00:00
189,65388,192.168.1.164,FL,2024-02-19 08:00:00
254,37691,192.168.1.165,FL,2024-02-19 09:00:00
369,87960,192.168.1.166,FL,2024-02-19 10:00:00
265,94388,192.168.1.167,FL,2024-02-19 11:00:00
148,32601,192.168.1.168,NY,2024-02-19 12:00:00
163,28020,192.168.1.169,TX,2024-02-19 13:00:00
139,18155,192.168.1.170,TX,2024-02-19 14:00:00
346,79119,192.168.1.171,FL,2024-02-19 15:00:00
487,91051,192.168.1.172,NY,2024-02-19 16:00:00
257,46777,192.168.1.173,FL,2024-02-19 17:00:00
373,29710,192.168.1.174,NY,2024-02-19 18:00:00
268,34532,192.168.1.175,FL,2024-02-19 19:00:00
180,28601,192.168.1.176,CA,2024-02-19 20:00:00
159,73227,192.168.1.177,CA,2024-02-19 21:00:00
350,14967,192.168.1.178,IL,2024-02-19 22:00:00
399,94289,192.168.1.179,FL,2024-02-19 23:00:00
287,30022,192.168.1.180,TX,2024-02-20 00:00:00
287,53463,192.168.1.181,IL,2024-02-20 01:00:00
379,84671,192.168.1.182,CA,2024-02-20 02:00:00
225,15722,192.168.1.183,FL,2024-02-20 03:00:00
10,37413,192.168.1.184,IL,2024-02-20 04:00:00
9,91050,192.168.1.185,FL,2024-02-20 05:00:00
270,95867,192.168.1.186,CA,2024-02-20 06:00:00
272,93596,192.168.1.187,IL,2024-02-20 07:00:00
423,76732,192.168.1.188,CA,2024-02-20 08:00:00
401,22297,192.168.1.189,NY,2024-02-20 09:00:00
182,78323,192.168.1.190,CA,2024-02-20 10:00:00
456,33816,192.168.1.191,FL,2024-02-20 11:00:00
152,50695,192.168.1.192,TX,2024-02-20 12:00:00
487,29702,192.168.1.193,CA,2024-02-20 13:00:00
314,35242,192.168.1.194,TX,2024-02-20 14:00:00
333,65841,192.168.1.195,NY,2024-02-20 15:00:00
123,77712,192.168.1.196,IL,2024-02-20 16:00:00
472,95663,192.168.1.197,IL,2024-02-20 17:00:00
113,63574,192.168.1.198,TX,2024-02-20 18:00:00
277,95744,192.168.1.199,IL,2024-02-20 19:00:00
499,38482,192.168.1.200,CA,2024-02-20 20:00:00
413,19171,192.168.1.201,TX,2024-02-20 21:00:00
467,13696,192.168.1.202,FL,2024-02-20 22:00:00
212,30058,192.168.1.203,CA,2024-02-20 23:00:00
171,30313,192.168.1.204,CA,2024-02-21 00:00:00
287,29149,192.168.1.205,CA,2024-02-21 01:00:00
434,63521,192.168.1.206,FL,2024-02-21 02:00:00
173,55740,192.168.1.207,NY,2024-02-21 03:00:00
112,14956,192.168.1.208,IL,2024-02-21 04:00:00
375,85731,192.168.1.209,TX,2024-02-21 05:00:00
404,92612,192.168.1.210,NY,2024-02-21 06:00:00
482,76641,192.168.1.211,TX,2024-02-21 07:00:00
121,73811,192.168.1.212,IL,2024-02-21 08:00:00
31,62160,192.168.1.213,FL,2024-02-21 09:00:00
221,61313,192.168.1.214,CA,2024-02-21 10:00:00
118,73232,192.168.1.215,CA,2024-02-21 11:00:00
38,25417,192.168.1.216,FL,2024-02-21 12:00:00
496,34729,192.168.1.217,NY,2024-02-21 13:00:00
267,40099,192.168.1.218,NY,2024-02-21 14:00:00
232,39961,192.168.1.219,TX,2024-02-21 15:00:00
430,22602,192.168.1.220,FL,2024-02-21 16:00:00
17,19256,192.168.1.221,NY,2024-02-21 17:00:00
148,96120,192.168.1.222,FL,2024-02-21 18:00:00
396,44681,192.168.1.223,IL,2024-02-21 19:00:00
148,97440,192.168.1.224,CA,2024-02-21 20:00:00
125,74789,192.168.1.225,CA,2024-02-21 21:00:00
391,53361,192.168.1.226,CA,2024-02-21 22:00:00
301,74503,192.168.1.227,FL,2024-02-21 23:00:00
359,44540,192.168.1.228,FL,2024-02-22 00:00:00
237,36536,192.168.1.229,TX,2024-02-22 01:00:00
134,94700,192.168.1.230,CA,2024-02-22 02:00:00
150,73043,192.168.1.231,TX,2024-02-22 03:00:00
235,88532,192.168.1.232,CA,2024-02-22 04:00:00
223,66575,192.168.1.233,TX,2024-02-22 05:00:00
202,12871,192.168.1.234,TX,2024-02-22 06:00:00
255,56002,192.168.1.235,IL,2024-02-22 07:00:00
85,59812,192.168.1.236,TX,2024-02-22 08:00:00
149,32626,192.168.1.237,FL,2024-02-22 09:00:00
234,69979,192.168.1.238,TX,2024-02-22 10:00:00
344,86057,192.168.1.239,CA,2024-02-22 11:00:00
21,76668,192.168.1.240,TX,2024-02-22 12:00:00
347,90070,192.168.1.241,NY,2024-02-22 13:00:00
284,99390,192.168.1.242,CA,2024-02-22 14:00:00
268,52998,192.168.1.243,NY,2024-02-22 15:00:00
465,73814,192.168.1.244,CA,2024-02-22 16:00:00
257,55607,192.168.1.245,FL,2024-02-22 17:00:00
28,17812,192.168.1.246,FL,2024-02-22 18:00:00
212,71844,192.168.1.247,FL,2024-02-22 19:00:00
462,80093,192.168.1.248,NY,2024-02-22 20:00:00
435,12179,192.168.1.249,IL,2024-02-22 21:00:00
282,53798,192.168.1.250,CA,2024-02-22 22:00:00
49,84601,192.168.1.251,FL,2024-02-22 23:00:00
94,18275,192.168.1.252,CA,2024-02-23 00:00:00
462,60574,192.168.1.253,NY,2024-02-23 01:00:00
498,57857,192.168.1.254,IL,2024-02-23 02:00:00
406,30700,192.168.1.0,NY,2024-02-23 03:00:00
87,49464,192.168.1.1,CA,2024-02-23 04:00:00
43,52351,192.168.1.2,IL,2024-02-23 05:00:00
460,92534,192.168.1.3,IL,2024-02-23 06:00:00
277,23869,192.168.1.4,NY,2024-02-23 07:00:00
170,70315,192.168.1.5,FL,2024-02-23 08:00:00
420,30954,192.168.1.6,CA,2024-02-23 09:00:00
188,41555,192.168.1.7,TX,2024-02-23 10:00:00
352,73353,192.168.1.8,TX,2024-02-23 11:00:00
183,92190,192.168.1.9,NY,2024-02-23 12:00:00
2,55026,192.168.1.10,CA,2024-02-23 13:00:00
190,56976,192.168.1.11,CA,2024-02-23 14:00:00
117,90578,192.168.1.12,NY,2024-02-23 15:00:00
18,55095,192.168.1.13,CA,2024-02-23 16:00:00
22,24270,192.168.1.14,FL,2024-02-23 17:00:00
412,40908,192.168.1.15,NY,2024-02-23 18:00:00
29,25523,192.168.1.16,FL,2024-02-23 19:00:00
294,72433,192.168.1.17,CA,2024-02-23 20:00:00
107,57068,192.168.1.18,NY,2024-02-23 21:00:00
366,29991,192.168.1.19,CA,2024-02-23 22:00:00
280,20775,192.168.1.20,NY,2024-02-23 23:00:00
127,87801,192.168.1.21,CA,2024-02-24 00:00:00
228,94995,192.168.1.22,FL,2024-02-24 01:00:00
110,71250,192.168.1.23,FL,2024-02-24 02:00:00
135,26673,192.168.1.24,CA,2024-02-24 03:00:00
361,37056,192.168.1.25,NY,2024-02-24 04:00:00
185,16614,192.168.1.26,TX,2024-02-24 05:00:00
143,17415,192.168.1.27,FL,2024-02-24 06:00:00
71,98691,192.168.1.28,FL,2024-02-24 07:00:00
128,53884,192.168.1.29,TX,2024-02-24 08:00:00
363,26964,192.168.1.30,CA,2024-02-24 09:00:00
260,47726,192.168.1.31,NY,2024-02-24 10:00:00
2,47044,192.168.1.32,CA,2024-02-24 11:00:00
448,67149,192.168.1.33,IL,2024-02-24 12:00:00
387,47544,192.168.1.34,FL,2024-02-24 13:00:00
103,59976,192.168.1.35,IL,2024-02-24 14:00:00
482,42252,192.168.1.36,FL,2024-02-24 15:00:00
223,13832,192.168.1.37,FL,2024-02-24 16:00:00
319,90437,192.168.1.38,IL,2024-02-24 17:00:00
361,44148,192.168.1.39,IL,2024-02-24 18:00:00
353,71240,192.168.1.40,CA,2024-02-24 19:00:00
490,98454,192.168.1.41,IL,2024-02-24 20:00:00
472,95076,192.168.1.42,CA,2024-02-24 21:00:00
9,87116,192.168.1.43,CA,2024-02-24 22:00:00
404,63459,192.168.1.44,CA,2024-02-24 23:00:00
383,48402,192.168.1.45,FL,2024-02-25 00:00:00
301,67727,192.168.1.46,FL,2024-02-25 01:00:00
230,48578,192.168.1.47,IL,2024-02-25 02:00:00
218,32318,192.168.1.48,FL,2024-02-25 03:00:00
410,85715,192.168.1.49,IL,2024-02-25 04:00:00
65,87787,192.168.1.50,FL,2024-02-25 05:00:00
424,95029,192.168.1.51,NY,2024-02-25 06:00:00
111,30466,192.168.1.52,NY,2024-02-25 07:00:00
12,55475,192.168.1.53,IL,2024-02-25 08:00:00
392,70142,192.168.1.54,FL,2024-02-25 09:00:00
499,95160,192.168.1.55,FL,2024-02-25 10:00:00
419,36564,192.168.1.56,CA,2024-02-25 11:00:00
85,32412,192.168.1.57,TX,2024-02-25 12:00:00
233,61001,192.168.1.58,IL,2024-02-25 13:00:00
89,67649,192.168.1.59,TX,2024-02-25 14:00:00
313,70957,192.168.1.60,TX,2024-02-25 15:00:00
53,45517,192.168.1.61,IL,2024-02-25 16:00:00
11,23156,192.168.1.62,FL,2024-02-25 17:00:00
208,33064,192.168.1.63,IL,2024-02-25 18:00:00
461,35711,192.168.1.64,TX,2024-02-25 19:00:00
13,40106,192.168.1.65,FL,2024-02-25 20:00:00
120,75458,192.168.1.66,NY,2024-02-25 21:00:00
417,26589,192.168.1.67,IL,2024-02-25 22:00:00
436,99272,192.168.1.68,IL,2024-02-25 23:00:00
376,96511,192.168.1.69,FL,2024-02-26 00:00:00
19,17214,192.168.1.70,NY,2024-02-26 01:00:00
74,95731,192.168.1.71,NY,2024-02-26 02:00:00
399,37127,192.168.1.72,FL,2024-02-26 03:00:00
242,15141,192.168.1.73,CA,2024-02-26 04:00:00
222,38884,192.168.1.74,IL,2024-02-26 05:00:00
69,12708,192.168.1.75,IL,2024-02-26 06:00:00
311,28375,192.168.1.76,TX,2024-02-26 07:00:00
210,25088,192.168.1.77,FL,2024-02-26 08:00:00
100,67615,192.168.1.78,TX,2024-02-26 09:00:00
185,55046,192.168.1.79,TX,2024-02-26 10:00:00
131,20014,192.168.1.80,NY,2024-02-26 11:00:00
110,74425,192.168.1.81,IL,2024-02-26 12:00:00
380,13273,192.168.1.82,TX,2024-02-26 13:00:00
131,57135,192.168.1.83,NY,2024-02-26 14:00:00
19,40881,192.168.1.84,FL,2024-02-26 15:00:00
393,88077,192.168.1.85,TX,2024-02-26 16:00:00
23,18712,192.168.1.86,IL,2024-02-26 17:00:00
226,84704,192.168.1.87,TX,2024-02-26 18:00:00
153,62874,192.168.1.88,FL,2024-02-26 19:00:00
292,79087,192.168.1.89,TX,2024-02-26 20:00:00
229,22297,192.168.1.90,IL,2024-02-26 21:00:00
468,37128,192.168.1.91,NY,2024-02-26 22:00:00
309,78368,192.168.1.92,IL,2024-02-26 23:00:00
487,97599,192.168.1.93,NY,2024-02-27 00:00:00
358,98499,192.168.1.94,CA,2024-02-27 01:00:00
404,88958,192.168.1.95,IL,2024-02-27 02:00:00
201,42920,192.168.1.96,IL,2024-02-27 03:00:00
37,21156,192.168.1.97,FL,2024-02-27 04:00:00
429,21108,192.168.1.98,TX,2024-02-27 05:00:00
259,41845,192.168.1.99,NY,2024-02-27 06:00:00
187,12800,192.168.1.100,NY,2024-02-27 07:00:00
56,52712,192.168.1.101,FL,2024-02-27 08:00:00
428,12610,192.168.1.102,FL,2024-02-27 09:00:00
19,87603,192.168.1.103,TX,2024-02-27 10:00:00
272,43872,192.168.1.104,TX,2024-02-27 11:00:00
118,20728,192.168.1.105,IL,2024-02-27 12:00:00
70,30583,192.168.1.106,CA,2024-02-27 13:00:00
3,95774,192.168.1.107,TX,2024-02-27 14:00:00
220,17263,192.168.1.108,FL,2024-02-27 15:00:00
13,77450,192.168.1.109,TX,2024-02-27 16:00:00
2,99285,192.168.1.110,NY,2024-02-27 17:00:00
215,29456,192.168.1.111,CA,2024-02-27 18:00:00
228,75942,192.168.1.112,IL,2024-02-27 19:00:00
335,23689,192.168.1.113,NY,2024-02-27 20:00:00
185,42934,192.168.1.114,NY,2024-02-27 21:00:00
54,43276,192.168.1.115,CA,2024-02-27 22:00:00
499,29873,192.168.1.116,IL,2024-02-27 23:00:00
387,23050,192.168.1.117,FL,2024-02-28 00:00:00
375,76216,192.168.1.118,IL,2024-02-28 01:00:00
253,94444,192.168.1.119,TX,2024-02-28 02:00:00
23,94040,192.168.1.120,NY,2024-02-28 03:00:00
161,31644,192.168.1.121,TX,2024-02-28 04:00:00
157,72021,192.168.1.122,FL,2024-02-28 05:00:00
81,47125,192.168.1.123,TX,2024-02-28 06:00:00
402,76899,192.168.1.124,IL,2024-02-28 07:00:00
158,52291,192.168.1.125,TX,2024-02-28 08:00:00
187,45060,192.168.1.126,FL,2024-02-28 09:00:00
59,11538,192.168.1.127,FL,2024-02-28 10:00:00
402,46176,192.168.1.128,FL,2024-02-28 11:00:00
304,51520,192.168.1.129,IL,2024-02-28 12:00:00
318,35675,192.168.1.130,FL,2024-02-28 13:00:00
365,28287,192.168.1.131,NY,2024-02-28 14:00:00
210,10174,192.168.1.132,FL,2024-02-28 15:00:00
405,44998,192.168.1.133,TX,2024-02-28 16:00:00
151,63312,192.168.1.134,TX,2024-02-28 17:00:00
108,22112,192.168.1.135,TX,2024-02-28 18:00:00
75,85225,192.168.1.136,IL,2024-02-28 19:00:00
29,54814,192.168.1.137,TX,2024-02-28 20:00:00
313,95091,192.168.1.138,IL,2024-02-28 21:00:00
485,60719,192.168.1.139,IL,2024-02-28 22:00:00
116,43919,192.168.1.140,FL,2024-02-28 23:00:00
414,83155,192.168.1.141,NY,2024-02-29 00:00:00
355,81569,192.168.1.142,FL,2024-02-29 01:00:00
191,51328,192.168.1.143,FL,2024-02-29 02:00:00
18,80482,192.168.1.144,IL,2024-02-29 03:00:00
431,34618,192.168.1.145,IL,2024-02-29 04:00:00
172,44675,192.168.1.146,TX,2024-02-29 05:00:00
227,28919,192.168.1.147,TX,2024-02-29 06:00:00
349,14173,192.168.1.148,FL,2024-02-29 07:00:00
182,36400,192.168.1.149,CA,2024-02-29 08:00:00
112,60445,192.168.1.150,CA,2024-02-29 09:00:00
182,80305,192.168.1.151,TX,2024-02-29 10:00:00
480,47564,192.168.1.152,CA,2024-02-29 11:00:00
145,55814,192.168.1.153,TX,2024-02-29 12:00:00
318,89747,192.168.1.154,IL,2024-02-29 13:00:00
115,98791,192.168.1.155,FL,2024-02-29 14:00:00
112,37962,192.168.1.156,NY,2024-02-29 15:00:00
250,94892,192.168.1.157,FL,2024-02-29 16:00:00
475,95842,192.168.1.158,TX,2024-02-29 17:00:00
250,80533,192.168.1.159,TX,2024-02-29 18:00:00
302,66184,192.168.1.160,FL,2024-02-29 19:00:00
458,92912,192.168.1.161,TX,2024-02-29 20:00:00
312,20578,192.168.1.162,CA,2024-02-29 21:00:00
117,28624,192.168.1.163,CA,2024-02-29 22:00:00
300,49194,192.168.1.164,TX,2024-02-29 23:00:00
160,10389,192.168.1.165,TX,2024-03-01 00:00:00
400,77391,192.168.1.166,CA,2024-03-01 01:00:00
197,23794,192.168.1.167,TX,2024-03-01 02:00:00
259,68002,192.168.1.168,TX,2024-03-01 03:00:00
147,45531,192.168.1.169,FL,2024-03-01 04:00:00
239,62815,192.168.1.170,NY,2024-03-01 05:00:00
46,14986,192.168.1.171,CA,2024-03-01 06:00:00
474,42298,192.168.1.172,FL,2024-03-01 07:00:00
398,11481,192.168.1.173,NY,2024-03-01 08:00:00
197,66408,192.168.1.174,TX,2024-03-01 09:00:00
46,79267,192.168.1.175,TX,2024-03-01 10:00:00
77,26835,192.168.1.176,FL,2024-03-01 11:00:00
123,37798,192.168.1.177,TX,2024-03-01 12:00:00
74,74887,192.168.1.178,IL,2024-03-01 13:00:00
358,29477,192.168.1.179,FL,2024-03-01 14:00:00
136,27266,192.168.1.180,NY,2024-03-01 15:00:00
89,96328,192.168.1.181,FL,2024-03-01 16:00:00
399,95988,192.168.1.182,CA,2024-03-01 17:00:00
324,53526,192.168.1.183,FL,2024-03-01 18:00:00
499,21889,192.168.1.184,TX,2024-03-01 19:00:00
60,34335,192.168.1.185,TX,2024-03-01 20:00:00
137,21254,192.168.1.186,IL,2024-03-01 21:00:00
49,96610,192.168.1.187,IL,2024-03-01 22:00:00
258,21442,192.168.1.188,IL,2024-03-01 23:00:00
460,56289,192.168.1.189,NY,2024-03-02 00:00:00
106,63747,192.168.1.190,IL,2024-03-02 01:00:00
112,47327,192.168.1.191,NY,2024-03-02 02:00:00
349,26199,192.168.1.192,IL,2024-03-02 03:00:00
253,82827,192.168.1.193,NY,2024-03-02 04:00:00
117,10112,192.168.1.194,FL,2024-03-02 05:00:00
492,97051,192.168.1.195,FL,2024-03-02 06:00:00
197,29581,192.168.1.196,TX,2024-03-02 07:00:00
336,69722,192.168.1.197,NY,2024-03-02 08:00:00
364,26523,192.168.1.198,CA,2024-03-02 09:00:00
50,76960,192.168.1.199,TX,2024-03-02 10:00:00
244,29552,192.168.1.200,FL,2024-03-02 11:00:00
402,20808,192.168.1.201,NY,2024-03-02 12:00:00
425,82525,192.168.1.202,IL,2024-03-02 13:00:00
34,33620,192.168.1.203,CA,2024-03-02 14:00:00
301,10887,192.168.1.204,FL,2024-03-02 15:00:00
409,41802,192.168.1.205,TX,2024-03-02 16:00:00
498,95024,192.168.1.206,NY,2024-03-02 17:00:00
68,91938,192.168.1.207,CA,2024-03-02 18:00:00
348,96741,192.168.1.208,NY,2024-03-02 19:00:00
319,36049,192.168.1.209,IL,2024-03-02 20:00:00
420,87789,192.168.1.210,TX,2024-03-02 21:00:00
467,94526,192.168.1.211,NY,2024-03-02 22:00:00
48,17846,192.168.1.212,FL,2024-03-02 23:00:00
404,56220,192.168.1.213,TX,2024-03-03 00:00:00
73,56163,192.168.1.214,FL,2024-03-03 01:00:00
191,13765,192.168.1.215,NY,2024-03-03 02:00:00
260,91486,192.168.1.216,TX,2024-03-03 03:00:00
355,55270,192.168.1.217,FL,2024-03-03 04:00:00
69,85277,192.168.1.218,IL,2024-03-03 05:00:00
89,98278,192.168.1.219,IL,2024-03-03 06:00:00
259,32931,192.168.1.220,NY,2024-03-03 07:00:00
125,99116,192.168.1.221,TX,2024-03-03 08:00:00
230,65633,192.168.1.222,CA,2024-03-03 09:00:00
294,90702,192.168.1.223,TX,2024-03-03 10:00:00
497,61913,192.168.1.224,IL,2024-03-03 11:00:00
